avaliacao_id,pedido_id,nota,comentario,data_avaliacao
1,6017,5,Chegou rápido.,2023-07-01 04:42:00
2,9303,5,Comida deliciosa.,2023-11-26 03:45:00
3,4908,5,Comida deliciosa.,2023-07-09 08:28:00
4,19849,3,Demorou muito.,2023-07-11 21:56:00
5,12389,5,Muito bom!,2023-01-13 04:41:00
6,14170,5,Chegou rápido.,2023-11-24 19:18:00
7,9282,5,Muito bom!,2023-07-24 10:52:00
8,13878,5,Chegou rápido.,2023-06-12 16:11:00
9,3108,5,Comida deliciosa.,2023-07-13 20:36:00
10,13306,5,Chegou rápido.,2023-02-03 16:20:00
11,11253,4,Muito bom!,2023-04-18 06:59:00
12,6049,5,Muito bom!,2023-12-14 11:06:00
13,13343,3,Pode melhorar.,2023-06-10 17:53:00
14,11246,5,Chegou rápido.,2023-05-28 17:37:00
15,8465,5,Comida deliciosa.,2023-08-31 09:12:00
16,16400,5,Chegou rápido.,2023-10-30 12:42:00
17,9790,4,Muito bom!,2023-11-21 00:13:00
18,6600,5,Chegou rápido.,2023-04-01 09:03:00
19,9902,4,Excelente serviço.,2023-11-25 23:35:00
20,6794,5,Chegou rápido.,2023-12-08 18:53:00
21,10224,4,Comida deliciosa.,2023-06-12 15:17:00
22,17418,3,Demorou muito.,2023-11-11 09:07:00
23,9865,5,Excelente serviço.,2023-01-31 20:57:00
24,6126,4,Comida deliciosa.,2023-02-21 09:21:00
25,5756,4,Recomendo!,2023-08-27 07:39:00
26,7227,5,Recomendo!,2023-06-17 21:45:00
27,9252,5,Recomendo!,2023-09-19 21:18:00
28,4742,5,Recomendo!,2023-08-31 12:26:00
29,3075,5,Muito bom!,2023-02-02 02:56:00
30,16703,4,Comida deliciosa.,2023-10-15 03:24:00
31,8187,4,Muito bom!,2023-04-14 02:11:00
32,5645,5,Chegou rápido.,2023-09-07 03:10:00
33,8835,5,Chegou rápido.,2023-07-20 03:05:00
34,2150,5,Comida deliciosa.,2023-05-04 10:36:00
35,1201,5,Excelente serviço.,2023-05-08 04:02:00
36,3111,2,Não gostei.,2023-11-16 17:58:00
37,12288,5,Recomendo!,2023-10-08 01:02:00
38,4394,1,Pode melhorar.,2023-03-14 16:54:00
39,5875,4,Comida deliciosa.,2023-04-24 06:25:00
40,13066,1,Não gostei.,2023-09-19 03:34:00
41,2382,4,Chegou rápido.,2023-11-17 22:38:00
42,5163,2,Comida fria.,2023-05-08 18:31:00
43,8044,4,Chegou rápido.,2023-09-10 02:53:00
44,3834,4,Excelente serviço.,2023-08-18 04:09:00
45,14482,4,Excelente serviço.,2023-08-15 17:14:00
46,16840,4,Recomendo!,2023-08-01 03:26:00
47,10266,5,Excelente serviço.,2023-04-18 05:54:00
48,11063,5,Recomendo!,2023-07-06 22:51:00
49,7971,5,Recomendo!,2023-01-29 14:21:00
50,10269,5,Comida deliciosa.,2023-03-13 10:19:00
51,2395,4,Chegou rápido.,2023-06-03 14:39:00
52,14367,5,Excelente serviço.,2023-01-03 21:15:00
53,16187,4,Excelente serviço.,2023-02-11 01:52:00
54,829,4,Recomendo!,2023-12-29 16:50:00
55,7966,3,Pode melhorar.,2023-02-18 13:26:00
56,11026,5,Chegou rápido.,2023-11-12 16:50:00
57,507,5,Chegou rápido.,2023-08-09 06:39:00
58,467,4,Excelente serviço.,2023-04-11 00:07:00
59,5031,5,Recomendo!,2023-05-26 11:30:00
60,15046,5,Excelente serviço.,2023-02-19 17:31:00
61,892,5,Muito bom!,2023-03-13 13:55:00
62,6280,2,Não gostei.,2023-12-08 06:09:00
63,9583,1,Não gostei.,2023-04-01 14:56:00
64,9699,5,Chegou rápido.,2023-09-13 05:58:00
65,11612,5,Chegou rápido.,2023-12-11 02:17:00
66,18393,3,Demorou muito.,2023-12-20 11:35:00
67,13099,5,Muito bom!,2023-07-08 02:49:00
68,12041,5,Excelente serviço.,2023-07-09 09:17:00
69,19251,1,Demorou muito.,2023-02-07 21:52:00
70,15608,3,Pedido errado.,2023-04-01 11:42:00
71,15758,3,Demorou muito.,2023-08-31 11:50:00
72,3530,4,Comida deliciosa.,2023-02-28 04:51:00
73,8875,4,Recomendo!,2023-07-18 14:14:00
74,9639,5,Excelente serviço.,2023-06-20 16:45:00
75,16243,5,Comida deliciosa.,2023-09-25 15:16:00
76,15639,5,Excelente serviço.,2023-08-22 23:23:00
77,2644,5,Excelente serviço.,2023-02-14 21:31:00
78,7666,5,Comida deliciosa.,2023-05-17 12:32:00
79,12662,4,Muito bom!,2023-06-23 18:35:00
80,16365,2,Comida fria.,2023-07-15 17:59:00
81,3829,3,Pode melhorar.,2023-11-18 03:20:00
82,12711,5,Recomendo!,2023-07-27 05:40:00
83,11233,5,Excelente serviço.,2023-12-28 04:59:00
84,18709,5,Chegou rápido.,2023-09-06 06:26:00
85,1816,5,Excelente serviço.,2023-02-21 18:43:00
86,333,4,Chegou rápido.,2023-01-05 23:11:00
87,19028,4,Comida deliciosa.,2023-08-04 15:54:00
88,12465,3,Não gostei.,2023-01-29 19:03:00
89,3993,5,Recomendo!,2023-11-15 07:31:00
90,4361,5,Excelente serviço.,2023-09-16 11:27:00
91,11556,4,Chegou rápido.,2023-05-23 00:12:00
92,13380,3,Pode melhorar.,2023-04-01 17:49:00
93,19386,4,Chegou rápido.,2023-01-21 11:38:00
94,10087,5,Muito bom!,2023-08-30 13:17:00
95,11323,3,Comida fria.,2023-06-26 14:01:00
96,13238,5,Muito bom!,2023-01-19 12:48:00
97,11674,5,Chegou rápido.,2023-03-29 00:25:00
98,8441,5,Comida deliciosa.,2023-03-05 19:22:00
99,1567,4,Excelente serviço.,2023-04-09 04:22:00
100,6400,3,Pode melhorar.,2023-09-04 07:08:00
101,1028,5,Muito bom!,2023-01-22 10:30:00
102,9396,4,Comida deliciosa.,2023-09-10 19:34:00
103,18201,2,Comida fria.,2023-03-27 08:04:00
104,9556,4,Muito bom!,2023-10-13 18:44:00
105,18565,5,Comida deliciosa.,2023-03-24 02:05:00
106,1940,5,Muito bom!,2023-01-22 06:59:00
107,17313,4,Chegou rápido.,2023-03-22 03:26:00
108,9255,5,Muito bom!,2023-09-24 22:02:00
109,883,2,Demorou muito.,2023-04-07 20:14:00
110,18300,3,Não gostei.,2023-06-14 22:06:00
111,8894,5,Chegou rápido.,2023-02-26 00:39:00
112,8167,1,Comida fria.,2023-05-18 09:13:00
113,7444,5,Comida deliciosa.,2023-08-07 12:33:00
114,1188,4,Comida deliciosa.,2023-12-25 20:17:00
115,9584,5,Recomendo!,2023-07-18 23:04:00
116,16891,3,Comida fria.,2023-02-20 01:46:00
117,7119,5,Recomendo!,2023-07-14 22:40:00
118,19287,4,Excelente serviço.,2023-03-01 17:30:00
119,3914,2,Pode melhorar.,2023-09-17 22:14:00
120,8717,4,Muito bom!,2023-10-26 07:20:00
121,2405,5,Recomendo!,2023-11-17 17:44:00
122,6925,5,Chegou rápido.,2023-06-23 09:54:00
123,3575,5,Comida deliciosa.,2023-07-23 20:28:00
124,6221,5,Chegou rápido.,2023-11-02 23:32:00
125,7757,5,Excelente serviço.,2023-04-29 16:26:00
126,9647,4,Muito bom!,2024-01-02 07:59:00
127,19846,5,Chegou rápido.,2023-05-04 22:27:00
128,2146,5,Comida deliciosa.,2023-04-15 22:01:00
129,756,5,Recomendo!,2023-05-10 01:24:00
130,18306,5,Excelente serviço.,2023-06-04 05:22:00
131,18802,5,Recomendo!,2023-05-25 01:21:00
132,3696,4,Recomendo!,2023-09-17 08:05:00
133,14654,5,Recomendo!,2023-07-21 00:07:00
134,17240,5,Muito bom!,2023-07-10 18:47:00
135,15971,4,Chegou rápido.,2023-12-22 12:42:00
136,3000,3,Não gostei.,2023-11-09 03:07:00
137,4954,4,Muito bom!,2023-04-19 11:07:00
138,17161,5,Recomendo!,2023-08-09 22:51:00
139,8294,4,Recomendo!,2023-01-18 01:54:00
140,15139,4,Comida deliciosa.,2023-05-29 07:12:00
141,9764,1,Demorou muito.,2023-12-09 08:32:00
142,11061,5,Recomendo!,2023-01-26 20:17:00
143,7930,5,Recomendo!,2023-07-21 21:18:00
144,16218,5,Chegou rápido.,2023-05-23 08:39:00
145,6983,5,Chegou rápido.,2023-07-20 20:52:00
146,1874,5,Recomendo!,2023-04-22 01:50:00
147,8790,5,Muito bom!,2023-12-22 04:06:00
148,6385,4,Muito bom!,2023-11-16 03:35:00
149,1261,5,Excelente serviço.,2023-07-21 19:59:00
150,15871,5,Chegou rápido.,2023-01-26 09:23:00
151,13780,5,Chegou rápido.,2023-05-14 01:47:00
152,3577,4,Muito bom!,2023-05-05 11:04:00
153,17915,5,Comida deliciosa.,2023-09-08 07:04:00
154,17082,5,Recomendo!,2023-07-26 11:34:00
155,15662,4,Comida deliciosa.,2023-09-25 20:16:00
156,7284,5,Comida deliciosa.,2023-02-04 14:07:00
157,12339,5,Comida deliciosa.,2023-08-31 10:32:00
158,8316,5,Recomendo!,2023-02-04 15:48:00
159,16600,4,Chegou rápido.,2023-09-10 19:10:00
160,19004,3,Pedido errado.,2023-11-03 23:19:00
161,10506,5,Comida deliciosa.,2023-01-20 20:42:00
162,7751,5,Muito bom!,2023-03-10 05:26:00
163,9050,5,Muito bom!,2023-08-06 07:09:00
164,7994,5,Excelente serviço.,2023-07-11 22:07:00
165,5255,4,Muito bom!,2023-06-26 06:42:00
166,9750,4,Recomendo!,2023-09-14 08:25:00
167,16686,4,Chegou rápido.,2023-10-11 23:27:00
168,4413,4,Comida deliciosa.,2023-02-23 21:32:00
169,6621,5,Comida deliciosa.,2023-04-20 17:50:00
170,7343,5,Recomendo!,2023-04-15 04:46:00
171,6995,4,Recomendo!,2023-05-20 06:58:00
172,17757,5,Recomendo!,2023-12-09 15:35:00
173,15506,5,Recomendo!,2023-10-10 06:34:00
174,13995,4,Chegou rápido.,2023-02-04 03:29:00
175,16705,5,Excelente serviço.,2023-04-19 00:14:00
176,16755,5,Comida deliciosa.,2023-03-30 16:17:00
177,13236,4,Comida deliciosa.,2023-01-14 16:14:00
178,16852,4,Muito bom!,2023-08-13 23:37:00
179,11805,3,Pedido errado.,2023-05-11 21:12:00
180,3572,5,Excelente serviço.,2023-05-06 16:01:00
181,4362,3,Não gostei.,2023-07-20 08:56:00
182,8800,5,Excelente serviço.,2023-08-03 11:33:00
183,4970,5,Chegou rápido.,2023-04-15 11:26:00
184,1398,5,Comida deliciosa.,2023-03-30 10:53:00
185,2721,4,Comida deliciosa.,2023-06-22 18:42:00
186,15350,4,Comida deliciosa.,2023-03-18 09:09:00
187,103,5,Excelente serviço.,2023-09-05 12:01:00
188,19003,5,Muito bom!,2023-05-07 11:15:00
189,3250,3,Demorou muito.,2023-08-27 06:20:00
190,2037,3,Demorou muito.,2023-12-17 09:23:00
191,10879,5,Muito bom!,2023-10-11 20:11:00
192,9235,5,Comida deliciosa.,2023-03-18 07:39:00
193,7195,5,Recomendo!,2023-10-24 18:08:00
194,16204,5,Excelente serviço.,2023-08-09 19:24:00
195,5367,5,Chegou rápido.,2023-10-04 14:34:00
196,10257,5,Recomendo!,2023-05-11 13:48:00
197,7396,5,Recomendo!,2023-11-30 01:04:00
198,900,2,Pedido errado.,2023-07-23 02:12:00
199,2075,5,Recomendo!,2023-03-21 04:03:00
200,9220,5,Comida deliciosa.,2023-04-14 20:53:00
201,3309,5,Comida deliciosa.,2023-05-28 13:45:00
202,13829,1,Comida fria.,2023-09-18 09:44:00
203,19380,4,Comida deliciosa.,2023-04-16 04:48:00
204,12463,5,Chegou rápido.,2023-10-11 03:17:00
205,12098,5,Chegou rápido.,2023-06-20 08:21:00
206,3617,3,Não gostei.,2023-06-14 18:19:00
207,17980,5,Muito bom!,2023-06-03 17:40:00
208,9724,5,Recomendo!,2023-12-13 08:07:00
209,7262,4,Excelente serviço.,2023-01-25 03:08:00
210,11094,5,Muito bom!,2023-04-17 21:52:00
211,15634,5,Recomendo!,2024-01-01 10:18:00
212,18293,5,Comida deliciosa.,2023-09-02 03:37:00
213,18015,5,Excelente serviço.,2023-05-06 23:39:00
214,19824,4,Chegou rápido.,2023-09-22 12:41:00
215,19976,2,Demorou muito.,2023-01-13 04:43:00
216,16943,5,Chegou rápido.,2023-05-16 17:59:00
217,2350,3,Demorou muito.,2023-05-22 11:42:00
218,11267,5,Muito bom!,2023-01-29 12:58:00
219,13332,5,Comida deliciosa.,2023-09-04 03:06:00
220,13940,5,Comida deliciosa.,2023-05-30 10:16:00
221,19523,5,Muito bom!,2023-07-10 07:51:00
222,4547,5,Excelente serviço.,2023-06-10 09:48:00
223,12055,4,Recomendo!,2023-04-30 10:27:00
224,9538,3,Pode melhorar.,2023-05-11 17:15:00
225,11739,5,Chegou rápido.,2023-03-06 10:05:00
226,18817,4,Comida deliciosa.,2023-01-28 06:41:00
227,2241,5,Muito bom!,2023-06-14 18:47:00
228,9928,4,Chegou rápido.,2023-07-18 11:26:00
229,4861,4,Comida deliciosa.,2023-08-01 02:02:00
230,14012,4,Recomendo!,2023-03-12 10:56:00
231,7987,5,Recomendo!,2023-09-13 17:24:00
232,10624,3,Não gostei.,2023-02-02 00:11:00
233,10655,5,Comida deliciosa.,2023-05-08 18:08:00
234,1652,5,Chegou rápido.,2023-01-11 01:11:00
235,13166,4,Muito bom!,2023-09-04 04:59:00
236,5449,1,Não gostei.,2023-03-23 22:08:00
237,12479,4,Excelente serviço.,2023-01-09 04:35:00
238,18398,5,Chegou rápido.,2023-07-20 20:49:00
239,12634,4,Recomendo!,2023-03-18 15:16:00
240,4357,4,Chegou rápido.,2023-12-07 18:45:00
241,8016,5,Comida deliciosa.,2023-02-14 23:17:00
242,5149,4,Comida deliciosa.,2023-09-12 03:53:00
243,17241,5,Recomendo!,2023-04-24 15:44:00
244,4072,1,Comida fria.,2023-02-17 23:27:00
245,19743,4,Excelente serviço.,2023-06-29 04:29:00
246,19326,5,Comida deliciosa.,2023-10-26 05:12:00
247,13857,4,Chegou rápido.,2023-02-11 20:54:00
248,14075,4,Comida deliciosa.,2023-07-24 16:42:00
249,19477,4,Comida deliciosa.,2023-04-29 23:20:00
250,16487,5,Comida deliciosa.,2023-05-09 03:22:00
251,17628,3,Não gostei.,2023-01-08 03:07:00
252,9243,5,Chegou rápido.,2023-02-20 19:41:00
253,10082,3,Não gostei.,2023-06-19 10:24:00
254,942,5,Muito bom!,2023-02-25 17:43:00
255,10150,1,Não gostei.,2023-12-16 12:43:00
256,7594,2,Pode melhorar.,2023-01-27 23:32:00
257,18955,5,Chegou rápido.,2023-02-01 11:04:00
258,6647,5,Muito bom!,2023-01-04 16:36:00
259,820,5,Muito bom!,2023-04-15 13:34:00
260,9662,5,Chegou rápido.,2023-09-06 02:08:00
261,2568,5,Excelente serviço.,2023-11-28 22:03:00
262,3403,1,Pedido errado.,2023-04-08 07:12:00
263,1198,3,Pedido errado.,2023-04-12 18:32:00
264,16835,4,Muito bom!,2023-01-19 21:38:00
265,13954,4,Recomendo!,2023-10-13 19:08:00
266,9939,5,Excelente serviço.,2023-11-29 18:22:00
267,14382,4,Recomendo!,2024-01-02 03:55:00
268,2036,5,Chegou rápido.,2023-05-07 20:54:00
269,19109,3,Comida fria.,2023-02-26 17:23:00
270,16085,4,Muito bom!,2023-03-28 07:28:00
271,13989,2,Demorou muito.,2023-04-16 01:59:00
272,19753,2,Pedido errado.,2023-06-09 08:22:00
273,112,4,Comida deliciosa.,2023-04-27 05:22:00
274,13615,4,Chegou rápido.,2023-01-10 18:26:00
275,13491,5,Chegou rápido.,2023-05-25 22:07:00
276,1702,3,Comida fria.,2023-09-26 05:37:00
277,10752,5,Comida deliciosa.,2023-10-14 06:32:00
278,16453,5,Chegou rápido.,2023-09-23 12:32:00
279,11877,5,Recomendo!,2023-08-07 18:08:00
280,6776,5,Comida deliciosa.,2023-07-01 20:25:00
281,4798,4,Chegou rápido.,2023-05-10 23:17:00
282,2959,4,Recomendo!,2023-07-13 12:10:00
283,1456,4,Excelente serviço.,2023-12-21 09:06:00
284,10925,5,Comida deliciosa.,2023-09-29 09:45:00
285,18465,3,Não gostei.,2023-08-18 10:57:00
286,8771,5,Excelente serviço.,2023-03-07 00:54:00
287,15223,5,Excelente serviço.,2023-11-02 16:55:00
288,9158,2,Pedido errado.,2023-12-08 02:57:00
289,15591,4,Chegou rápido.,2023-01-02 19:43:00
290,2175,4,Chegou rápido.,2023-04-09 05:53:00
291,4091,5,Excelente serviço.,2023-08-28 19:08:00
292,5245,5,Comida deliciosa.,2023-01-24 00:03:00
293,4311,5,Comida deliciosa.,2023-05-09 23:48:00
294,3817,1,Comida fria.,2023-10-28 19:24:00
295,17655,3,Pode melhorar.,2023-03-22 12:42:00
296,4272,1,Pedido errado.,2023-09-23 14:07:00
297,12083,1,Pedido errado.,2023-04-20 07:26:00
298,880,5,Excelente serviço.,2023-09-08 18:49:00
299,1755,5,Comida deliciosa.,2023-05-19 07:14:00
300,5506,5,Comida deliciosa.,2023-01-07 03:51:00
301,1493,4,Chegou rápido.,2023-02-02 16:49:00
302,9222,5,Recomendo!,2023-10-24 21:02:00
303,18562,4,Chegou rápido.,2023-03-13 00:29:00
304,6892,5,Chegou rápido.,2023-03-17 05:22:00
305,5337,5,Chegou rápido.,2023-07-29 05:52:00
306,1051,2,Demorou muito.,2023-03-16 23:27:00
307,2849,4,Recomendo!,2023-10-29 13:29:00
308,13431,4,Excelente serviço.,2023-06-15 01:51:00
309,9815,4,Excelente serviço.,2023-08-10 13:30:00
310,18065,3,Comida fria.,2023-01-24 03:44:00
311,3396,4,Muito bom!,2023-12-31 23:58:00
312,1468,4,Excelente serviço.,2023-03-17 18:01:00
313,13623,4,Muito bom!,2023-06-06 21:32:00
314,3380,4,Muito bom!,2023-10-24 05:06:00
315,4442,1,Pedido errado.,2023-07-24 06:11:00
316,3447,5,Muito bom!,2023-09-19 13:46:00
317,18720,5,Comida deliciosa.,2023-03-10 22:11:00
318,7743,4,Muito bom!,2023-08-21 06:19:00
319,5717,4,Excelente serviço.,2023-06-02 22:03:00
320,7662,5,Recomendo!,2023-08-26 03:28:00
321,8301,3,Pode melhorar.,2023-07-15 10:40:00
322,7862,5,Muito bom!,2023-05-13 13:11:00
323,17713,5,Recomendo!,2023-03-07 04:30:00
324,15696,1,Comida fria.,2023-01-30 09:00:00
325,19773,5,Recomendo!,2023-12-19 23:02:00
326,6421,5,Recomendo!,2023-04-18 18:08:00
327,7305,5,Comida deliciosa.,2023-07-15 02:55:00
328,14250,4,Recomendo!,2023-07-08 15:42:00
329,2773,4,Muito bom!,2023-12-31 12:17:00
330,9574,4,Comida deliciosa.,2023-10-01 22:05:00
331,3130,4,Recomendo!,2023-12-05 14:57:00
332,12757,1,Comida fria.,2023-12-04 09:01:00
333,5374,4,Comida deliciosa.,2023-11-08 13:31:00
334,9701,4,Excelente serviço.,2023-08-20 22:41:00
335,3064,5,Recomendo!,2023-12-25 10:02:00
336,12030,4,Recomendo!,2023-09-05 21:20:00
337,7472,3,Demorou muito.,2023-05-22 08:17:00
338,5547,3,Demorou muito.,2023-02-20 13:03:00
339,9336,4,Recomendo!,2023-03-28 13:15:00
340,12162,5,Excelente serviço.,2023-11-02 07:37:00
341,8536,5,Comida deliciosa.,2023-09-21 17:04:00
342,2108,4,Recomendo!,2023-12-28 00:54:00
343,19142,5,Recomendo!,2023-09-17 03:35:00
344,11659,5,Comida deliciosa.,2023-10-09 11:59:00
345,2436,5,Recomendo!,2023-10-27 16:44:00
346,14049,3,Comida fria.,2023-11-03 22:58:00
347,4310,4,Comida deliciosa.,2023-09-21 18:42:00
348,11692,5,Excelente serviço.,2023-12-03 13:43:00
349,9964,5,Chegou rápido.,2023-09-03 14:08:00
350,3133,3,Não gostei.,2023-12-17 10:06:00
351,1865,4,Muito bom!,2023-09-25 04:04:00
352,9792,5,Chegou rápido.,2023-01-26 01:00:00
353,18138,1,Pode melhorar.,2023-11-13 01:42:00
354,6784,5,Muito bom!,2023-05-30 21:15:00
355,14497,5,Comida deliciosa.,2023-03-04 05:37:00
356,4360,4,Recomendo!,2023-05-26 08:45:00
357,16751,5,Muito bom!,2023-03-21 13:02:00
358,17530,4,Muito bom!,2023-02-18 03:05:00
359,397,4,Comida deliciosa.,2023-11-21 15:40:00
360,8798,5,Comida deliciosa.,2023-10-04 08:46:00
361,10121,3,Pedido errado.,2023-05-19 12:51:00
362,3320,5,Recomendo!,2023-07-05 02:17:00
363,13681,5,Excelente serviço.,2023-08-28 01:48:00
364,12398,5,Comida deliciosa.,2023-08-18 07:23:00
365,4167,4,Excelente serviço.,2023-07-02 07:31:00
366,14436,4,Chegou rápido.,2023-07-27 20:57:00
367,9174,5,Muito bom!,2023-03-29 11:04:00
368,16289,5,Comida deliciosa.,2023-03-10 21:40:00
369,8145,4,Comida deliciosa.,2023-06-10 09:55:00
370,8735,3,Pode melhorar.,2023-07-23 03:46:00
371,1184,5,Comida deliciosa.,2023-11-01 22:40:00
372,3551,4,Muito bom!,2023-01-10 21:36:00
373,6863,5,Muito bom!,2023-02-11 13:54:00
374,4836,4,Recomendo!,2023-04-25 00:50:00
375,11622,4,Comida deliciosa.,2023-05-10 02:44:00
376,4402,5,Chegou rápido.,2023-07-30 16:08:00
377,723,3,Comida fria.,2023-05-07 10:03:00
378,2728,4,Recomendo!,2023-03-09 05:54:00
379,14095,4,Muito bom!,2023-07-17 14:53:00
380,18011,5,Recomendo!,2023-02-23 02:23:00
381,10439,5,Recomendo!,2023-05-23 21:14:00
382,1687,4,Muito bom!,2023-06-20 04:16:00
383,1775,4,Recomendo!,2023-05-12 20:28:00
384,10708,5,Muito bom!,2023-11-20 00:44:00
385,11278,5,Muito bom!,2023-05-31 08:30:00
386,5982,5,Muito bom!,2023-08-23 11:04:00
387,8367,5,Recomendo!,2023-10-20 00:55:00
388,17799,4,Comida deliciosa.,2023-12-15 05:01:00
389,792,4,Recomendo!,2023-03-12 04:52:00
390,12637,5,Comida deliciosa.,2023-10-16 22:42:00
391,18769,1,Pode melhorar.,2023-01-23 20:17:00
392,3392,5,Chegou rápido.,2023-03-10 04:28:00
393,1371,4,Excelente serviço.,2023-04-16 18:51:00
394,730,4,Comida deliciosa.,2023-12-02 20:04:00
395,6259,5,Chegou rápido.,2023-12-31 11:39:00
396,15532,1,Demorou muito.,2023-01-18 13:26:00
397,12907,4,Comida deliciosa.,2023-04-14 04:15:00
398,15717,5,Chegou rápido.,2023-06-13 07:04:00
399,7514,5,Recomendo!,2023-11-18 15:16:00
400,12182,5,Chegou rápido.,2023-05-19 17:40:00
401,6943,1,Não gostei.,2023-04-03 01:19:00
402,15195,5,Excelente serviço.,2023-10-15 05:20:00
403,15942,3,Demorou muito.,2023-09-11 01:36:00
404,2403,4,Chegou rápido.,2023-12-14 07:46:00
405,18106,4,Muito bom!,2023-03-13 09:44:00
406,8570,1,Não gostei.,2023-08-25 17:57:00
407,18716,5,Excelente serviço.,2023-12-21 22:14:00
408,11627,4,Chegou rápido.,2023-11-18 03:27:00
409,6761,4,Recomendo!,2023-01-22 15:58:00
410,10801,3,Demorou muito.,2023-09-16 18:10:00
411,17289,5,Muito bom!,2023-05-21 18:12:00
412,5423,4,Muito bom!,2023-08-23 23:47:00
413,12613,4,Comida deliciosa.,2023-04-12 06:53:00
414,2467,5,Comida deliciosa.,2023-05-30 03:40:00
415,16788,4,Recomendo!,2023-01-03 18:25:00
416,13872,5,Excelente serviço.,2023-06-29 15:44:00
417,16879,5,Comida deliciosa.,2023-04-16 15:59:00
418,7489,5,Recomendo!,2023-10-10 02:10:00
419,14215,4,Excelente serviço.,2023-03-21 04:55:00
420,2519,5,Chegou rápido.,2023-03-17 23:29:00
421,14467,5,Comida deliciosa.,2023-11-05 09:34:00
422,3475,4,Excelente serviço.,2023-06-16 22:07:00
423,17273,5,Comida deliciosa.,2023-10-22 10:17:00
424,13557,5,Excelente serviço.,2023-12-04 20:39:00
425,9284,5,Comida deliciosa.,2023-08-09 23:42:00
426,7724,5,Excelente serviço.,2023-09-20 17:46:00
427,17487,5,Recomendo!,2023-05-10 12:47:00
428,16534,5,Muito bom!,2023-10-13 21:07:00
429,8482,5,Muito bom!,2023-02-09 01:35:00
430,1193,5,Comida deliciosa.,2023-10-24 16:22:00
431,19884,5,Comida deliciosa.,2023-08-29 23:25:00
432,381,5,Recomendo!,2023-12-05 20:06:00
433,3017,5,Chegou rápido.,2023-12-29 19:29:00
434,17994,5,Recomendo!,2023-12-26 17:32:00
435,1300,5,Muito bom!,2023-03-20 08:16:00
436,8087,1,Não gostei.,2023-06-29 00:55:00
437,10248,4,Muito bom!,2023-12-10 13:52:00
438,5351,1,Pode melhorar.,2023-05-30 16:52:00
439,2765,4,Chegou rápido.,2023-01-05 19:55:00
440,4851,4,Comida deliciosa.,2023-07-05 14:39:00
441,17039,1,Não gostei.,2023-06-25 18:31:00
442,11131,5,Muito bom!,2023-05-02 22:18:00
443,9891,5,Excelente serviço.,2023-02-05 23:22:00
444,7733,5,Excelente serviço.,2023-07-04 22:04:00
445,5326,4,Chegou rápido.,2023-03-07 02:16:00
446,15536,4,Excelente serviço.,2023-07-09 02:17:00
447,2466,1,Demorou muito.,2023-06-02 09:39:00
448,2702,3,Pedido errado.,2023-07-27 05:06:00
449,4383,4,Recomendo!,2023-12-21 01:54:00
450,14024,4,Excelente serviço.,2023-07-04 13:21:00
451,10138,4,Recomendo!,2023-11-25 09:42:00
452,13788,1,Não gostei.,2023-07-11 06:15:00
453,7257,4,Muito bom!,2023-08-03 04:14:00
454,13090,5,Recomendo!,2023-08-17 06:45:00
455,17962,4,Comida deliciosa.,2023-04-29 15:52:00
456,11020,4,Chegou rápido.,2023-07-21 10:18:00
457,7785,5,Muito bom!,2023-08-21 14:00:00
458,737,4,Muito bom!,2023-07-04 20:05:00
459,13313,5,Muito bom!,2023-01-02 08:17:00
460,13626,3,Comida fria.,2023-09-09 17:40:00
461,9238,5,Chegou rápido.,2023-08-12 11:29:00
462,2600,5,Chegou rápido.,2023-12-13 00:44:00
463,4478,5,Comida deliciosa.,2023-08-28 21:17:00
464,14341,5,Comida deliciosa.,2023-04-28 18:41:00
465,7286,1,Pode melhorar.,2023-04-06 12:29:00
466,18810,4,Muito bom!,2023-03-28 19:52:00
467,7500,4,Recomendo!,2023-02-03 18:06:00
468,8296,4,Chegou rápido.,2023-10-16 15:40:00
469,5173,4,Chegou rápido.,2023-12-29 03:17:00
470,15341,1,Demorou muito.,2023-02-28 05:41:00
471,1892,3,Demorou muito.,2023-11-12 08:59:00
472,8005,5,Recomendo!,2023-03-08 04:49:00
473,4409,5,Chegou rápido.,2023-02-15 12:56:00
474,15535,5,Muito bom!,2023-09-05 22:55:00
475,12,2,Não gostei.,2023-02-10 23:38:00
476,15623,2,Não gostei.,2023-06-06 18:46:00
477,6095,3,Não gostei.,2023-07-02 10:26:00
478,6237,5,Muito bom!,2023-08-15 02:33:00
479,10735,5,Muito bom!,2023-07-02 02:56:00
480,5318,5,Excelente serviço.,2023-05-07 09:43:00
481,8307,5,Chegou rápido.,2023-01-22 13:40:00
482,9196,4,Recomendo!,2023-09-07 01:49:00
483,13315,5,Excelente serviço.,2023-04-23 19:21:00
484,19020,5,Recomendo!,2023-04-20 16:38:00
485,7593,5,Chegou rápido.,2023-07-21 07:45:00
486,10881,5,Chegou rápido.,2023-11-26 04:22:00
487,898,4,Recomendo!,2023-09-04 09:26:00
488,9751,5,Muito bom!,2023-06-13 19:21:00
489,8134,4,Chegou rápido.,2023-10-07 19:36:00
490,12625,3,Não gostei.,2023-07-20 07:24:00
491,12670,5,Recomendo!,2023-07-25 12:01:00
492,7427,5,Recomendo!,2023-05-27 05:14:00
493,9509,5,Comida deliciosa.,2023-02-07 10:33:00
494,7282,4,Comida deliciosa.,2023-11-28 06:00:00
495,10840,4,Excelente serviço.,2023-03-19 14:02:00
496,16463,5,Muito bom!,2023-02-25 22:13:00
497,7897,5,Comida deliciosa.,2023-06-03 08:40:00
498,10233,3,Pode melhorar.,2023-03-22 11:54:00
499,11597,4,Comida deliciosa.,2023-10-27 13:25:00
500,9054,5,Comida deliciosa.,2023-08-11 23:35:00
501,2993,4,Excelente serviço.,2023-11-22 20:59:00
502,2850,5,Comida deliciosa.,2023-07-10 04:03:00
503,17293,5,Comida deliciosa.,2023-04-01 12:31:00
504,16334,5,Recomendo!,2023-08-17 15:54:00
505,3096,1,Pode melhorar.,2023-03-10 19:23:00
506,14474,1,Não gostei.,2023-12-25 08:12:00
507,2193,5,Muito bom!,2023-01-29 23:08:00
508,9528,4,Chegou rápido.,2023-09-06 02:46:00
509,11042,5,Recomendo!,2023-04-15 13:01:00
510,7915,5,Chegou rápido.,2023-03-20 07:14:00
511,2481,4,Recomendo!,2023-09-06 09:40:00
512,2394,5,Chegou rápido.,2023-04-16 08:35:00
513,7840,4,Excelente serviço.,2023-06-07 21:19:00
514,13444,5,Recomendo!,2023-11-28 01:02:00
515,19952,5,Muito bom!,2023-07-19 06:11:00
516,3965,4,Muito bom!,2023-02-03 11:16:00
517,3652,4,Excelente serviço.,2023-01-11 01:52:00
518,11450,5,Excelente serviço.,2023-05-13 05:14:00
519,15384,5,Excelente serviço.,2023-02-27 06:13:00
520,7758,5,Chegou rápido.,2023-11-21 14:32:00
521,8934,5,Muito bom!,2023-10-03 11:20:00
522,12863,1,Pode melhorar.,2023-04-06 03:02:00
523,1533,5,Excelente serviço.,2023-02-21 03:52:00
524,3202,5,Excelente serviço.,2023-01-10 19:03:00
525,12120,5,Recomendo!,2023-07-25 19:56:00
526,14031,4,Chegou rápido.,2023-02-16 17:36:00
527,18839,4,Comida deliciosa.,2023-06-15 07:10:00
528,15356,5,Excelente serviço.,2023-10-06 09:38:00
529,17888,5,Muito bom!,2023-12-03 11:11:00
530,19088,5,Chegou rápido.,2023-12-14 00:23:00
531,11691,5,Recomendo!,2023-10-05 15:48:00
532,11729,3,Pode melhorar.,2023-04-26 15:43:00
533,8676,5,Excelente serviço.,2023-11-12 08:18:00
534,19211,2,Pode melhorar.,2023-04-30 00:26:00
535,12559,4,Comida deliciosa.,2023-11-28 07:40:00
536,17981,4,Recomendo!,2023-09-05 03:14:00
537,5916,3,Pedido errado.,2023-10-20 03:40:00
538,155,5,Comida deliciosa.,2023-12-22 03:47:00
539,11695,4,Excelente serviço.,2023-09-24 02:51:00
540,13747,1,Pedido errado.,2023-08-01 14:51:00
541,15709,5,Recomendo!,2023-01-21 00:28:00
542,17330,3,Comida fria.,2023-10-30 00:28:00
543,7072,4,Excelente serviço.,2023-01-14 10:42:00
544,13974,4,Muito bom!,2023-02-17 06:43:00
545,5275,3,Pode melhorar.,2023-02-09 02:18:00
546,16174,4,Chegou rápido.,2023-12-06 00:45:00
547,12439,5,Chegou rápido.,2023-11-01 23:26:00
548,3047,3,Não gostei.,2023-04-04 07:45:00
549,18671,5,Muito bom!,2023-05-09 19:07:00
550,7146,5,Comida deliciosa.,2023-02-19 08:35:00
551,18308,5,Muito bom!,2023-03-01 08:35:00
552,8827,4,Recomendo!,2023-04-23 10:46:00
553,16660,5,Chegou rápido.,2023-06-23 11:25:00
554,8509,4,Comida deliciosa.,2023-02-12 22:45:00
555,9967,4,Muito bom!,2023-03-05 15:15:00
556,19790,5,Recomendo!,2023-05-02 22:38:00
557,5534,4,Muito bom!,2023-08-29 19:50:00
558,9707,5,Excelente serviço.,2023-07-12 06:49:00
559,14693,5,Recomendo!,2023-12-24 16:22:00
560,3352,5,Muito bom!,2023-01-16 19:16:00
561,5239,5,Excelente serviço.,2023-03-07 20:52:00
562,19389,1,Não gostei.,2023-04-09 18:59:00
563,13259,5,Excelente serviço.,2023-09-22 07:30:00
564,18502,5,Recomendo!,2023-04-12 21:52:00
565,2899,2,Comida fria.,2023-12-08 02:55:00
566,16451,5,Comida deliciosa.,2023-08-21 05:38:00
567,18174,5,Chegou rápido.,2023-03-27 08:06:00
568,7475,5,Muito bom!,2023-08-09 08:25:00
569,1029,4,Recomendo!,2023-04-29 06:57:00
570,13904,5,Chegou rápido.,2023-01-15 22:48:00
571,7362,4,Recomendo!,2023-08-22 04:25:00
572,19228,5,Recomendo!,2024-01-01 17:28:00
573,1017,5,Muito bom!,2023-08-14 02:24:00
574,17070,4,Chegou rápido.,2023-10-30 15:46:00
575,12511,4,Comida deliciosa.,2023-03-23 06:47:00
576,2842,5,Comida deliciosa.,2023-09-01 03:29:00
577,11062,4,Recomendo!,2023-02-26 01:22:00
578,8935,5,Chegou rápido.,2023-11-16 03:51:00
579,8956,5,Recomendo!,2023-08-17 22:50:00
580,8457,5,Muito bom!,2023-11-25 15:11:00
581,14990,5,Chegou rápido.,2023-11-19 06:03:00
582,11449,4,Chegou rápido.,2023-07-06 22:00:00
583,18349,5,Comida deliciosa.,2023-01-14 08:56:00
584,5067,5,Muito bom!,2023-10-26 12:48:00
585,6038,5,Excelente serviço.,2023-06-03 01:37:00
586,8264,5,Chegou rápido.,2023-04-02 16:50:00
587,18833,5,Excelente serviço.,2023-12-16 14:06:00
588,8332,4,Recomendo!,2023-01-06 02:56:00
589,7747,4,Comida deliciosa.,2023-09-13 22:53:00
590,10244,4,Excelente serviço.,2023-05-13 20:55:00
591,18348,3,Comida fria.,2023-06-09 17:56:00
592,4846,4,Excelente serviço.,2023-07-04 02:13:00
593,8337,4,Chegou rápido.,2023-03-07 17:30:00
594,8184,4,Recomendo!,2023-07-17 16:00:00
595,6386,5,Comida deliciosa.,2023-07-04 01:04:00
596,18161,4,Excelente serviço.,2023-02-09 18:01:00
597,2231,3,Pode melhorar.,2023-06-12 18:22:00
598,10919,5,Chegou rápido.,2023-06-10 09:45:00
599,7731,5,Chegou rápido.,2023-02-21 01:54:00
600,15575,5,Comida deliciosa.,2023-06-21 12:06:00
601,1322,4,Excelente serviço.,2023-11-30 05:19:00
602,19083,4,Chegou rápido.,2023-03-06 01:07:00
603,7797,5,Recomendo!,2023-07-10 02:22:00
604,7248,5,Comida deliciosa.,2023-09-14 12:52:00
605,6779,5,Muito bom!,2023-02-12 01:18:00
606,11224,5,Comida deliciosa.,2023-01-09 18:20:00
607,4220,3,Comida fria.,2023-12-11 13:32:00
608,17802,5,Chegou rápido.,2023-12-16 08:53:00
609,8854,5,Chegou rápido.,2023-07-03 06:21:00
610,9204,4,Recomendo!,2023-03-14 07:27:00
611,6039,5,Comida deliciosa.,2023-09-06 14:13:00
612,4847,2,Pedido errado.,2023-06-27 15:24:00
613,5117,5,Muito bom!,2023-03-21 03:55:00
614,14514,5,Chegou rápido.,2023-03-22 18:20:00
615,2324,4,Recomendo!,2023-02-05 08:25:00
616,12725,5,Excelente serviço.,2023-07-14 12:43:00
617,9678,5,Excelente serviço.,2023-03-20 13:34:00
618,12786,1,Pedido errado.,2023-12-21 10:30:00
619,8496,4,Muito bom!,2023-10-27 01:58:00
620,2383,5,Muito bom!,2023-05-04 09:58:00
621,3994,3,Pode melhorar.,2023-07-13 20:05:00
622,3481,5,Muito bom!,2023-01-29 17:12:00
623,848,1,Pode melhorar.,2023-11-21 17:18:00
624,14948,3,Não gostei.,2023-08-18 10:29:00
625,6940,1,Pode melhorar.,2023-03-06 18:51:00
626,13291,5,Muito bom!,2023-06-23 17:06:00
627,2048,5,Muito bom!,2023-12-23 08:48:00
628,2886,5,Muito bom!,2023-02-10 16:22:00
629,9679,4,Excelente serviço.,2023-01-07 17:52:00
630,19644,4,Recomendo!,2023-03-23 03:37:00
631,3139,2,Comida fria.,2023-01-13 01:24:00
632,12494,5,Recomendo!,2023-02-15 01:13:00
633,16126,4,Comida deliciosa.,2023-05-15 02:14:00
634,10014,5,Chegou rápido.,2023-05-26 01:09:00
635,1869,5,Comida deliciosa.,2023-10-07 05:50:00
636,19855,4,Comida deliciosa.,2023-06-19 17:37:00
637,4886,5,Recomendo!,2023-09-04 06:00:00
638,12769,5,Recomendo!,2023-09-21 18:37:00
639,4175,5,Muito bom!,2023-09-12 16:06:00
640,5355,4,Chegou rápido.,2023-05-29 22:00:00
641,14036,5,Excelente serviço.,2023-07-27 16:42:00
642,17438,3,Pedido errado.,2023-11-15 05:45:00
643,14534,4,Excelente serviço.,2023-02-20 05:56:00
644,15830,5,Comida deliciosa.,2023-09-19 22:40:00
645,2095,1,Não gostei.,2023-12-04 08:27:00
646,6218,5,Recomendo!,2023-02-25 06:32:00
647,11242,5,Chegou rápido.,2023-04-04 02:50:00
648,19866,5,Comida deliciosa.,2023-09-15 16:53:00
649,17811,4,Chegou rápido.,2023-03-20 17:14:00
650,2931,5,Muito bom!,2023-12-06 18:38:00
651,10254,3,Não gostei.,2023-02-08 07:14:00
652,17168,4,Muito bom!,2023-10-26 09:24:00
653,13941,2,Não gostei.,2023-01-02 06:45:00
654,13845,5,Muito bom!,2023-02-26 05:25:00
655,19609,5,Muito bom!,2023-09-03 20:47:00
656,796,5,Recomendo!,2023-08-24 03:52:00
657,1715,5,Recomendo!,2023-06-04 11:19:00
658,12048,4,Muito bom!,2023-01-30 04:07:00
659,9513,3,Comida fria.,2023-11-19 03:18:00
660,17595,5,Recomendo!,2023-08-15 20:23:00
661,5782,5,Comida deliciosa.,2023-02-21 17:01:00
662,19383,4,Chegou rápido.,2023-10-25 05:46:00
663,14512,5,Comida deliciosa.,2023-10-12 08:37:00
664,19721,2,Comida fria.,2023-11-09 14:06:00
665,12199,4,Muito bom!,2023-06-28 20:54:00
666,6972,3,Demorou muito.,2023-11-21 23:53:00
667,2081,5,Chegou rápido.,2023-10-18 11:06:00
668,8972,5,Excelente serviço.,2023-03-30 21:10:00
669,12219,4,Chegou rápido.,2023-09-18 14:12:00
670,7770,4,Recomendo!,2023-07-10 23:48:00
671,8172,4,Comida deliciosa.,2023-04-18 03:24:00
672,3308,4,Recomendo!,2023-09-07 04:41:00
673,14190,5,Muito bom!,2023-12-03 09:35:00
674,2725,5,Recomendo!,2023-02-07 00:18:00
675,201,5,Excelente serviço.,2023-10-14 09:54:00
676,9706,2,Não gostei.,2023-03-23 23:51:00
677,8851,2,Pode melhorar.,2023-02-15 07:58:00
678,7221,5,Muito bom!,2023-02-04 06:52:00
679,13361,5,Muito bom!,2023-06-08 01:46:00
680,17822,5,Chegou rápido.,2023-12-18 20:55:00
681,19130,1,Pedido errado.,2023-08-10 17:20:00
682,16741,5,Excelente serviço.,2023-08-03 13:33:00
683,11547,2,Demorou muito.,2023-03-30 15:34:00
684,16057,5,Comida deliciosa.,2023-05-16 19:34:00
685,4919,5,Comida deliciosa.,2023-10-15 02:02:00
686,77,5,Muito bom!,2023-10-18 05:15:00
687,10226,5,Excelente serviço.,2023-07-05 23:34:00
688,16123,4,Muito bom!,2023-08-28 20:59:00
689,11395,4,Comida deliciosa.,2023-10-11 17:42:00
690,16143,3,Pode melhorar.,2023-06-23 01:21:00
691,3982,5,Excelente serviço.,2023-08-31 04:44:00
692,6432,5,Excelente serviço.,2023-09-18 11:36:00
693,11001,5,Excelente serviço.,2023-10-10 12:26:00
694,18427,5,Comida deliciosa.,2023-06-18 05:51:00
695,14249,5,Comida deliciosa.,2023-07-29 12:39:00
696,16353,3,Não gostei.,2023-06-12 03:42:00
697,15762,4,Excelente serviço.,2023-07-24 17:51:00
698,13794,4,Recomendo!,2023-07-05 13:34:00
699,2965,3,Não gostei.,2023-08-05 15:05:00
700,11510,3,Comida fria.,2023-08-18 19:25:00
701,12630,4,Recomendo!,2023-12-22 02:06:00
702,559,2,Pode melhorar.,2023-01-17 20:20:00
703,1745,5,Excelente serviço.,2023-10-15 01:04:00
704,13443,4,Excelente serviço.,2023-06-21 03:15:00
705,5279,4,Chegou rápido.,2023-02-25 19:55:00
706,2979,4,Comida deliciosa.,2023-08-07 00:28:00
707,17679,4,Recomendo!,2023-09-30 13:10:00
708,13257,1,Demorou muito.,2023-08-28 02:04:00
709,5611,4,Excelente serviço.,2023-06-22 13:23:00
710,16616,4,Excelente serviço.,2023-01-06 06:06:00
711,2572,4,Muito bom!,2023-04-25 00:47:00
712,3188,5,Recomendo!,2023-12-19 07:01:00
713,16896,3,Comida fria.,2023-09-30 06:46:00
714,10508,4,Comida deliciosa.,2023-05-01 18:35:00
715,16682,4,Muito bom!,2023-01-20 02:53:00
716,13390,5,Excelente serviço.,2023-04-28 07:56:00
717,13126,5,Recomendo!,2023-04-24 17:49:00
718,4788,2,Comida fria.,2023-12-16 04:32:00
719,5579,4,Recomendo!,2023-10-31 19:42:00
720,14596,4,Chegou rápido.,2023-05-10 19:42:00
721,1403,5,Muito bom!,2023-09-16 09:02:00
722,13088,3,Não gostei.,2023-09-26 14:04:00
723,13783,5,Excelente serviço.,2023-10-28 20:06:00
724,9914,5,Excelente serviço.,2023-01-10 07:32:00
725,1592,5,Excelente serviço.,2023-07-04 08:05:00
726,5752,3,Pedido errado.,2023-04-06 13:18:00
727,16696,3,Pode melhorar.,2023-04-22 07:36:00
728,10887,5,Chegou rápido.,2023-06-15 13:47:00
729,16860,5,Excelente serviço.,2023-09-05 16:18:00
730,6980,4,Recomendo!,2023-06-12 15:46:00
731,5574,5,Excelente serviço.,2023-06-11 10:39:00
732,5113,5,Chegou rápido.,2023-07-08 13:46:00
733,19279,2,Não gostei.,2023-08-28 20:18:00
734,1016,5,Chegou rápido.,2023-01-16 19:05:00
735,16678,4,Muito bom!,2023-12-31 08:45:00
736,17629,4,Chegou rápido.,2023-05-20 06:27:00
737,5087,5,Recomendo!,2023-09-12 07:59:00
738,12003,3,Pode melhorar.,2023-10-08 23:25:00
739,15885,2,Não gostei.,2023-01-20 20:21:00
740,7610,5,Recomendo!,2023-05-30 20:31:00
741,8001,4,Chegou rápido.,2023-01-19 12:24:00
742,16208,5,Muito bom!,2023-06-21 17:10:00
743,1723,5,Comida deliciosa.,2023-02-18 14:08:00
744,11214,4,Muito bom!,2023-11-22 16:22:00
745,17518,4,Recomendo!,2023-03-03 14:22:00
746,18365,5,Muito bom!,2023-05-13 05:40:00
747,16631,1,Não gostei.,2023-08-14 07:41:00
748,9337,4,Excelente serviço.,2023-05-31 01:57:00
749,3954,3,Pode melhorar.,2023-01-14 07:53:00
750,5338,5,Muito bom!,2023-05-21 06:42:00
751,777,2,Pode melhorar.,2023-10-03 11:05:00
752,15734,4,Comida deliciosa.,2023-01-14 15:39:00
753,2966,5,Comida deliciosa.,2023-10-19 19:36:00
754,1952,5,Excelente serviço.,2023-07-28 17:33:00
755,17203,5,Excelente serviço.,2023-06-26 10:12:00
756,10513,4,Comida deliciosa.,2023-03-14 00:30:00
757,13346,4,Recomendo!,2023-02-27 06:01:00
758,12841,5,Muito bom!,2023-10-15 21:18:00
759,1052,1,Comida fria.,2023-06-01 02:48:00
760,144,4,Comida deliciosa.,2023-01-04 15:44:00
761,18515,1,Pode melhorar.,2023-09-09 13:22:00
762,903,4,Comida deliciosa.,2023-09-19 22:56:00
763,13112,5,Muito bom!,2023-04-01 07:54:00
764,11157,4,Chegou rápido.,2023-07-15 03:31:00
765,6672,5,Recomendo!,2023-05-08 18:36:00
766,10585,5,Comida deliciosa.,2023-02-22 23:09:00
767,13241,4,Chegou rápido.,2023-07-23 17:43:00
768,653,5,Muito bom!,2023-08-17 05:13:00
769,9006,5,Comida deliciosa.,2023-08-25 09:20:00
770,1451,4,Comida deliciosa.,2023-04-18 15:42:00
771,9594,5,Muito bom!,2023-05-03 12:18:00
772,5323,1,Pode melhorar.,2023-02-03 01:48:00
773,5109,5,Chegou rápido.,2023-11-26 02:34:00
774,13912,2,Demorou muito.,2023-07-13 20:35:00
775,11753,4,Excelente serviço.,2023-08-27 10:47:00
776,9385,3,Não gostei.,2023-10-17 08:50:00
777,10634,3,Pode melhorar.,2023-09-05 01:01:00
778,9293,5,Recomendo!,2023-11-16 17:43:00
779,3233,4,Recomendo!,2023-04-18 13:33:00
780,6308,4,Comida deliciosa.,2023-06-20 09:54:00
781,6556,4,Chegou rápido.,2023-11-20 19:23:00
782,5240,2,Comida fria.,2023-11-06 08:26:00
783,2054,5,Muito bom!,2023-11-26 10:57:00
784,6803,4,Excelente serviço.,2023-11-03 14:45:00
785,12545,5,Recomendo!,2023-03-15 07:20:00
786,1438,4,Recomendo!,2023-01-22 17:57:00
787,8896,4,Recomendo!,2023-09-20 20:21:00
788,15369,5,Comida deliciosa.,2023-06-03 01:39:00
789,5694,5,Chegou rápido.,2023-03-30 15:00:00
790,7635,5,Muito bom!,2023-08-22 08:10:00
791,19024,4,Recomendo!,2023-05-23 03:35:00
792,3536,5,Comida deliciosa.,2023-03-14 05:38:00
793,9419,5,Recomendo!,2023-12-12 09:31:00
794,6439,5,Muito bom!,2023-10-30 14:20:00
795,2877,4,Chegou rápido.,2023-05-27 06:52:00
796,7225,3,Demorou muito.,2023-08-28 04:35:00
797,7899,5,Excelente serviço.,2023-06-13 23:43:00
798,14103,4,Excelente serviço.,2023-10-31 11:47:00
799,13479,4,Comida deliciosa.,2023-10-01 11:16:00
800,6743,5,Excelente serviço.,2023-12-27 13:49:00
801,16234,4,Chegou rápido.,2023-09-06 20:39:00
802,13594,4,Chegou rápido.,2023-01-19 06:15:00
803,1587,5,Muito bom!,2023-03-13 00:43:00
804,15558,5,Recomendo!,2023-12-22 23:13:00
805,16911,4,Comida deliciosa.,2023-08-08 19:23:00
806,17565,3,Não gostei.,2023-10-15 01:19:00
807,4764,5,Recomendo!,2023-07-21 18:51:00
808,563,1,Pode melhorar.,2023-11-20 09:50:00
809,18332,2,Demorou muito.,2023-05-11 21:04:00
810,9266,2,Pedido errado.,2023-09-12 05:59:00
811,16935,1,Pedido errado.,2023-12-13 06:23:00
812,19471,5,Excelente serviço.,2023-08-02 16:14:00
813,8744,3,Pedido errado.,2023-08-02 12:17:00
814,13971,4,Chegou rápido.,2023-01-05 14:52:00
815,5591,4,Excelente serviço.,2023-05-07 05:09:00
816,4261,5,Excelente serviço.,2023-04-22 09:05:00
817,15021,5,Excelente serviço.,2023-12-26 00:46:00
818,9015,3,Demorou muito.,2023-04-19 09:42:00
819,2195,3,Comida fria.,2023-11-22 19:46:00
820,10824,5,Muito bom!,2023-05-26 00:43:00
821,19984,5,Muito bom!,2023-08-11 11:09:00
822,4333,5,Muito bom!,2023-05-29 16:46:00
823,2156,5,Comida deliciosa.,2023-06-10 10:30:00
824,18791,5,Comida deliciosa.,2023-09-13 00:30:00
825,15001,5,Muito bom!,2023-09-11 04:18:00
826,394,4,Comida deliciosa.,2023-11-30 21:10:00
827,15353,5,Muito bom!,2023-04-02 04:41:00
828,18182,5,Excelente serviço.,2023-02-27 06:33:00
829,10140,5,Chegou rápido.,2023-04-23 04:05:00
830,17656,1,Comida fria.,2023-08-29 11:19:00
831,2668,2,Comida fria.,2023-09-10 00:03:00
832,19067,5,Excelente serviço.,2023-01-13 19:02:00
833,9713,5,Muito bom!,2023-06-24 13:57:00
834,15601,5,Excelente serviço.,2023-06-10 03:37:00
835,7208,5,Excelente serviço.,2023-03-20 19:20:00
836,9481,5,Comida deliciosa.,2023-08-15 17:48:00
837,17478,5,Excelente serviço.,2023-08-23 00:26:00
838,2927,4,Comida deliciosa.,2023-06-10 00:15:00
839,9533,4,Recomendo!,2023-04-28 16:02:00
840,14189,4,Recomendo!,2023-09-30 11:56:00
841,1937,4,Excelente serviço.,2023-02-27 17:38:00
842,4126,5,Recomendo!,2023-11-25 08:07:00
843,9258,4,Recomendo!,2023-05-19 10:12:00
844,9460,5,Recomendo!,2023-05-21 14:06:00
845,3747,5,Comida deliciosa.,2023-09-24 12:20:00
846,3531,2,Pode melhorar.,2023-10-29 02:47:00
847,2347,5,Comida deliciosa.,2023-12-10 13:35:00
848,4725,4,Excelente serviço.,2023-09-02 23:26:00
849,18304,5,Chegou rápido.,2023-08-11 01:10:00
850,19850,2,Demorou muito.,2023-10-21 12:24:00
851,1505,1,Não gostei.,2023-07-25 10:47:00
852,14988,5,Excelente serviço.,2023-08-22 18:59:00
853,17485,3,Pedido errado.,2023-12-20 00:41:00
854,14975,4,Comida deliciosa.,2023-10-17 12:47:00
855,14887,4,Comida deliciosa.,2023-01-26 05:27:00
856,18939,3,Pedido errado.,2023-07-27 07:52:00
857,5156,4,Comida deliciosa.,2023-03-09 21:26:00
858,6493,4,Recomendo!,2023-09-30 16:07:00
859,705,5,Muito bom!,2023-06-09 01:57:00
860,7918,4,Muito bom!,2023-11-04 04:01:00
861,6434,4,Chegou rápido.,2023-01-07 20:47:00
862,7300,4,Muito bom!,2023-12-07 11:36:00
863,19280,5,Muito bom!,2023-06-10 19:44:00
864,10530,5,Muito bom!,2023-12-10 08:03:00
865,5290,4,Recomendo!,2023-09-27 12:00:00
866,15445,4,Comida deliciosa.,2023-02-27 01:26:00
867,11114,5,Muito bom!,2023-07-28 04:17:00
868,8752,5,Chegou rápido.,2023-05-10 21:08:00
869,2672,3,Pedido errado.,2023-07-12 14:04:00
870,9772,5,Recomendo!,2023-08-01 02:24:00
871,1124,5,Excelente serviço.,2023-03-19 01:38:00
872,17016,4,Comida deliciosa.,2023-02-05 01:30:00
873,4098,1,Pedido errado.,2023-09-01 16:50:00
874,16584,3,Não gostei.,2023-07-15 15:21:00
875,7783,5,Comida deliciosa.,2023-02-24 14:00:00
876,7650,3,Demorou muito.,2023-11-28 10:28:00
877,5393,5,Excelente serviço.,2023-11-30 18:41:00
878,2106,4,Muito bom!,2023-06-29 09:41:00
879,6908,5,Comida deliciosa.,2023-09-09 06:46:00
880,1927,5,Comida deliciosa.,2023-06-02 14:46:00
881,18727,5,Excelente serviço.,2023-01-25 12:46:00
882,18676,2,Pedido errado.,2023-12-17 14:20:00
883,19135,4,Muito bom!,2023-12-08 03:20:00
884,18443,1,Pode melhorar.,2023-01-24 23:04:00
885,3252,5,Comida deliciosa.,2023-01-10 12:12:00
886,8273,5,Muito bom!,2023-12-25 01:35:00
887,19112,4,Excelente serviço.,2023-09-15 16:25:00
888,17877,5,Comida deliciosa.,2023-11-22 08:36:00
889,18758,5,Chegou rápido.,2023-07-11 01:05:00
890,9644,5,Recomendo!,2023-02-26 02:53:00
891,19191,5,Chegou rápido.,2023-12-29 02:29:00
892,4539,5,Excelente serviço.,2023-12-18 03:43:00
893,10412,5,Comida deliciosa.,2023-01-06 03:39:00
894,7476,4,Muito bom!,2023-06-18 02:41:00
895,19209,4,Comida deliciosa.,2023-07-31 16:57:00
896,10975,5,Comida deliciosa.,2023-07-11 23:37:00
897,14900,5,Chegou rápido.,2023-12-13 02:09:00
898,18251,3,Comida fria.,2023-09-16 01:28:00
899,12823,5,Comida deliciosa.,2023-10-19 20:11:00
900,4004,4,Excelente serviço.,2023-04-02 07:52:00
901,9418,5,Comida deliciosa.,2023-01-31 23:13:00
902,11347,4,Muito bom!,2023-12-30 02:14:00
903,197,5,Excelente serviço.,2023-05-10 04:29:00
904,19908,5,Comida deliciosa.,2023-04-15 08:16:00
905,15020,2,Pedido errado.,2023-10-24 14:27:00
906,17341,5,Excelente serviço.,2023-04-16 03:03:00
907,3459,4,Muito bom!,2023-08-20 08:36:00
908,9411,5,Muito bom!,2023-10-01 14:01:00
909,14269,3,Não gostei.,2023-02-13 02:41:00
910,16589,4,Chegou rápido.,2023-08-24 06:21:00
911,19529,4,Chegou rápido.,2023-04-24 03:08:00
912,14933,2,Pedido errado.,2023-06-25 22:30:00
913,7279,3,Demorou muito.,2023-10-05 14:27:00
914,2266,5,Recomendo!,2023-02-23 00:22:00
915,19001,5,Muito bom!,2023-07-16 09:52:00
916,10149,5,Muito bom!,2023-06-06 11:22:00
917,19539,5,Excelente serviço.,2023-07-15 18:36:00
918,17788,4,Muito bom!,2023-02-27 07:03:00
919,1835,5,Chegou rápido.,2023-08-24 12:31:00
920,8314,5,Excelente serviço.,2023-07-12 05:00:00
921,4747,3,Pedido errado.,2023-04-18 04:27:00
922,5210,2,Pode melhorar.,2023-03-16 14:26:00
923,14924,4,Excelente serviço.,2023-07-07 23:48:00
924,16861,4,Recomendo!,2023-09-18 03:36:00
925,4326,4,Recomendo!,2023-01-07 10:22:00
926,19269,5,Chegou rápido.,2023-10-14 15:54:00
927,19132,1,Pedido errado.,2023-04-03 09:59:00
928,5803,4,Recomendo!,2023-05-07 09:29:00
929,5834,5,Excelente serviço.,2023-04-07 18:56:00
930,18613,5,Excelente serviço.,2023-08-26 13:41:00
931,14572,3,Pode melhorar.,2023-02-24 22:27:00
932,296,5,Excelente serviço.,2023-01-10 17:29:00
933,1060,4,Muito bom!,2023-11-17 20:29:00
934,12414,5,Muito bom!,2023-01-01 19:35:00
935,19140,4,Muito bom!,2023-07-19 18:53:00
936,19774,5,Muito bom!,2023-10-08 08:02:00
937,10638,5,Comida deliciosa.,2023-04-08 00:43:00
938,2594,1,Não gostei.,2023-12-08 11:53:00
939,1238,3,Comida fria.,2023-08-28 21:53:00
940,12108,4,Excelente serviço.,2023-11-06 22:45:00
941,19491,4,Muito bom!,2023-01-28 07:06:00
942,11658,5,Excelente serviço.,2023-02-02 15:56:00
943,6239,3,Não gostei.,2023-09-17 19:27:00
944,16747,5,Excelente serviço.,2023-02-22 14:13:00
945,16044,5,Muito bom!,2023-02-03 16:03:00
946,3121,5,Recomendo!,2023-11-11 10:11:00
947,18961,4,Excelente serviço.,2023-03-21 09:51:00
948,13843,5,Muito bom!,2023-07-08 16:52:00
949,18205,5,Recomendo!,2023-08-12 08:19:00
950,12004,4,Chegou rápido.,2023-10-08 17:36:00
951,19311,2,Pode melhorar.,2023-02-14 23:02:00
952,13778,4,Comida deliciosa.,2023-08-25 05:00:00
953,8498,5,Chegou rápido.,2023-12-02 09:34:00
954,17239,2,Demorou muito.,2023-01-22 21:36:00
955,5832,5,Recomendo!,2023-08-02 11:39:00
956,8170,1,Pode melhorar.,2023-05-24 17:44:00
957,4860,5,Muito bom!,2023-06-14 23:29:00
958,1558,5,Excelente serviço.,2023-01-22 01:21:00
959,7096,4,Chegou rápido.,2023-09-10 10:47:00
960,12200,4,Comida deliciosa.,2023-05-02 14:46:00
961,18739,3,Não gostei.,2023-02-23 18:44:00
962,4290,5,Recomendo!,2023-03-28 17:50:00
963,5660,5,Excelente serviço.,2023-10-15 15:00:00
964,19229,5,Muito bom!,2023-12-01 04:45:00
965,9273,4,Chegou rápido.,2023-12-09 23:26:00
966,6912,5,Comida deliciosa.,2023-02-17 05:56:00
967,19089,2,Demorou muito.,2023-08-24 04:28:00
968,2250,5,Muito bom!,2023-09-28 05:52:00
969,10683,5,Muito bom!,2023-04-23 04:39:00
970,18094,4,Recomendo!,2023-02-20 10:51:00
971,12185,4,Excelente serviço.,2023-10-05 13:12:00
972,2351,4,Comida deliciosa.,2023-12-13 00:37:00
973,13851,5,Recomendo!,2023-08-07 00:04:00
974,11202,4,Muito bom!,2023-12-22 08:58:00
975,4463,1,Comida fria.,2023-10-06 19:54:00
976,5980,4,Muito bom!,2023-05-01 08:10:00
977,16439,4,Recomendo!,2023-05-17 12:08:00
978,15311,5,Comida deliciosa.,2023-07-03 13:45:00
979,19351,5,Excelente serviço.,2023-03-15 05:46:00
980,2387,3,Demorou muito.,2023-10-09 07:26:00
981,8919,3,Comida fria.,2023-06-17 14:50:00
982,2928,4,Recomendo!,2023-01-04 22:05:00
983,16887,4,Excelente serviço.,2023-06-17 06:39:00
984,3740,4,Excelente serviço.,2023-09-19 15:51:00
985,3219,3,Demorou muito.,2023-12-05 05:36:00
986,749,5,Excelente serviço.,2023-04-20 23:34:00
987,5341,5,Comida deliciosa.,2023-05-21 02:31:00
988,18679,3,Pedido errado.,2023-11-07 22:40:00
989,15329,3,Pedido errado.,2023-05-24 18:00:00
990,1654,3,Pedido errado.,2023-03-22 21:08:00
991,5676,5,Comida deliciosa.,2023-08-28 03:04:00
992,4125,4,Muito bom!,2023-02-26 01:51:00
993,13617,4,Comida deliciosa.,2023-01-25 09:49:00
994,12240,4,Muito bom!,2023-11-12 02:49:00
995,15088,4,Recomendo!,2023-11-03 13:01:00
996,10921,5,Excelente serviço.,2023-08-13 18:17:00
997,11290,4,Chegou rápido.,2023-09-13 05:17:00
998,12290,5,Chegou rápido.,2023-06-19 16:03:00
999,17796,3,Não gostei.,2023-02-03 13:19:00
1000,1030,5,Chegou rápido.,2023-07-14 04:34:00
1001,167,4,Comida deliciosa.,2023-12-07 23:45:00
1002,2249,5,Excelente serviço.,2023-04-22 12:52:00
1003,7302,5,Excelente serviço.,2023-09-03 07:46:00
1004,14076,5,Chegou rápido.,2023-09-25 13:37:00
1005,15237,4,Comida deliciosa.,2023-03-01 09:51:00
1006,1887,4,Muito bom!,2023-08-30 13:07:00
1007,10641,5,Chegou rápido.,2023-03-15 01:51:00
1008,19735,5,Muito bom!,2023-09-24 13:53:00
1009,13211,5,Excelente serviço.,2023-08-06 19:31:00
1010,2561,3,Pode melhorar.,2023-12-08 07:39:00
1011,128,3,Não gostei.,2023-02-02 08:08:00
1012,19589,5,Muito bom!,2023-07-20 18:42:00
1013,11561,4,Comida deliciosa.,2023-07-04 05:25:00
1014,8612,5,Comida deliciosa.,2023-12-21 18:24:00
1015,10646,5,Chegou rápido.,2023-08-01 13:16:00
1016,10358,5,Comida deliciosa.,2023-05-03 03:34:00
1017,16013,5,Comida deliciosa.,2023-06-12 15:41:00
1018,13932,4,Comida deliciosa.,2023-02-02 14:35:00
1019,5818,5,Muito bom!,2023-12-30 16:43:00
1020,18028,2,Demorou muito.,2023-09-30 03:01:00
1021,13409,5,Muito bom!,2023-12-15 03:58:00
1022,9422,1,Pedido errado.,2023-10-19 05:40:00
1023,14495,3,Comida fria.,2023-09-04 10:44:00
1024,3485,5,Recomendo!,2023-08-08 22:13:00
1025,19641,5,Chegou rápido.,2023-12-01 00:16:00
1026,3477,3,Demorou muito.,2023-08-18 05:43:00
1027,17190,3,Pode melhorar.,2023-04-14 21:37:00
1028,9445,4,Excelente serviço.,2023-05-27 16:07:00
1029,13110,5,Recomendo!,2023-04-21 18:50:00
1030,13583,4,Recomendo!,2023-09-07 23:15:00
1031,5522,3,Não gostei.,2023-12-01 16:22:00
1032,16264,3,Comida fria.,2023-01-30 07:58:00
1033,15016,5,Muito bom!,2023-02-02 22:32:00
1034,8845,4,Excelente serviço.,2023-02-24 14:28:00
1035,8209,5,Excelente serviço.,2023-05-31 08:42:00
1036,6826,4,Chegou rápido.,2023-01-16 17:43:00
1037,6612,3,Comida fria.,2023-07-14 11:05:00
1038,910,5,Muito bom!,2023-04-04 07:54:00
1039,8605,5,Excelente serviço.,2023-11-19 00:49:00
1040,3306,4,Muito bom!,2023-02-22 00:46:00
1041,11113,5,Chegou rápido.,2023-09-05 08:53:00
1042,17623,5,Comida deliciosa.,2023-05-17 03:41:00
1043,10347,5,Excelente serviço.,2023-09-07 16:33:00
1044,16796,5,Chegou rápido.,2023-08-08 14:35:00
1045,7517,5,Comida deliciosa.,2023-03-18 00:06:00
1046,12491,5,Chegou rápido.,2023-11-19 22:41:00
1047,15214,5,Muito bom!,2023-11-25 08:38:00
1048,13700,5,Comida deliciosa.,2023-10-10 15:19:00
1049,13906,5,Muito bom!,2023-05-09 12:41:00
1050,441,5,Muito bom!,2023-11-21 15:10:00
1051,17309,5,Muito bom!,2023-12-29 19:20:00
1052,4782,4,Muito bom!,2023-08-25 10:26:00
1053,10108,2,Não gostei.,2023-11-13 23:52:00
1054,19458,5,Muito bom!,2023-11-22 22:11:00
1055,16442,5,Recomendo!,2023-01-08 12:26:00
1056,8980,4,Recomendo!,2023-09-08 19:44:00
1057,9564,4,Chegou rápido.,2023-05-15 18:04:00
1058,2130,5,Excelente serviço.,2023-07-12 04:15:00
1059,7802,2,Pedido errado.,2023-05-21 11:27:00
1060,17268,2,Não gostei.,2023-11-30 21:13:00
1061,7847,5,Excelente serviço.,2023-05-06 19:54:00
1062,13487,5,Excelente serviço.,2023-07-14 06:52:00
1063,9369,5,Excelente serviço.,2023-10-10 15:36:00
1064,18571,5,Comida deliciosa.,2023-10-04 07:47:00
1065,18605,1,Não gostei.,2023-06-02 04:31:00
1066,4643,5,Muito bom!,2023-05-12 17:22:00
1067,6704,5,Recomendo!,2023-04-17 13:18:00
1068,1335,3,Comida fria.,2023-01-24 16:22:00
1069,2595,5,Muito bom!,2023-09-29 04:13:00
1070,14438,5,Comida deliciosa.,2023-02-09 00:19:00
1071,8843,5,Recomendo!,2023-04-02 12:34:00
1072,258,4,Comida deliciosa.,2023-09-01 00:06:00
1073,9234,5,Comida deliciosa.,2023-01-05 20:07:00
1074,18283,5,Excelente serviço.,2023-01-16 00:09:00
1075,5779,5,Recomendo!,2023-10-26 11:43:00
1076,9673,4,Chegou rápido.,2023-06-03 05:27:00
1077,16976,5,Recomendo!,2023-05-21 09:32:00
1078,4419,5,Muito bom!,2023-05-06 08:17:00
1079,1885,5,Muito bom!,2023-02-06 14:48:00
1080,5600,5,Muito bom!,2023-03-24 12:20:00
1081,4143,5,Muito bom!,2023-02-19 04:58:00
1082,2560,4,Muito bom!,2023-12-13 09:24:00
1083,4489,5,Recomendo!,2023-05-08 20:05:00
1084,19711,2,Pedido errado.,2023-06-16 18:27:00
1085,17137,3,Não gostei.,2023-10-11 06:39:00
1086,5963,5,Muito bom!,2023-10-12 21:20:00
1087,3976,4,Chegou rápido.,2023-11-08 01:19:00
1088,14841,5,Excelente serviço.,2023-06-08 06:56:00
1089,12886,4,Excelente serviço.,2023-08-24 11:13:00
1090,7434,5,Excelente serviço.,2023-12-07 13:22:00
1091,6107,5,Muito bom!,2023-02-03 05:24:00
1092,8493,2,Não gostei.,2023-12-13 21:36:00
1093,16728,3,Pode melhorar.,2023-04-01 18:40:00
1094,17703,4,Excelente serviço.,2023-03-31 18:08:00
1095,9688,5,Excelente serviço.,2023-03-09 13:03:00
1096,13695,5,Recomendo!,2023-04-13 22:40:00
1097,14387,5,Comida deliciosa.,2023-12-10 02:47:00
1098,8415,5,Excelente serviço.,2023-12-21 09:39:00
1099,3670,3,Pode melhorar.,2023-06-25 15:43:00
1100,13224,4,Recomendo!,2023-11-28 16:07:00
1101,3796,3,Pode melhorar.,2023-04-14 14:34:00
1102,16561,5,Comida deliciosa.,2023-07-06 10:01:00
1103,9387,4,Comida deliciosa.,2023-10-20 20:30:00
1104,8144,4,Muito bom!,2023-11-29 17:17:00
1105,12914,4,Muito bom!,2023-03-14 21:17:00
1106,16593,5,Muito bom!,2023-12-11 06:28:00
1107,7908,5,Muito bom!,2023-09-25 11:28:00
1108,14509,5,Recomendo!,2023-04-02 04:57:00
1109,10861,4,Chegou rápido.,2024-01-01 00:07:00
1110,5077,3,Demorou muito.,2023-08-02 20:39:00
1111,1382,5,Muito bom!,2023-06-15 12:48:00
1112,7771,4,Excelente serviço.,2023-11-20 15:30:00
1113,13433,4,Muito bom!,2023-10-27 09:11:00
1114,4804,4,Chegou rápido.,2023-10-13 13:33:00
1115,16003,5,Excelente serviço.,2023-05-01 17:44:00
1116,16986,5,Muito bom!,2023-02-17 11:54:00
1117,18412,5,Muito bom!,2023-05-28 18:28:00
1118,10662,4,Chegou rápido.,2024-01-02 05:24:00
1119,6021,3,Pode melhorar.,2023-12-19 05:37:00
1120,13722,5,Excelente serviço.,2023-05-11 20:24:00
1121,2763,4,Recomendo!,2023-03-10 12:15:00
1122,10104,5,Muito bom!,2023-06-15 14:58:00
1123,312,5,Comida deliciosa.,2023-09-20 23:33:00
1124,16185,4,Recomendo!,2023-02-27 20:50:00
1125,12715,4,Comida deliciosa.,2023-06-21 15:21:00
1126,19190,5,Muito bom!,2023-11-18 15:36:00
1127,15483,5,Chegou rápido.,2023-02-15 22:48:00
1128,19651,4,Comida deliciosa.,2023-03-19 04:12:00
1129,237,4,Muito bom!,2023-03-19 06:07:00
1130,1222,4,Muito bom!,2023-10-21 12:26:00
1131,15493,4,Muito bom!,2023-02-19 18:07:00
1132,19223,5,Comida deliciosa.,2023-10-30 01:24:00
1133,9441,3,Comida fria.,2023-10-04 21:50:00
1134,15281,4,Comida deliciosa.,2023-11-17 10:58:00
1135,14134,3,Demorou muito.,2023-05-14 14:34:00
1136,18151,4,Chegou rápido.,2023-02-18 06:38:00
1137,7486,1,Comida fria.,2023-06-29 09:31:00
1138,6425,4,Chegou rápido.,2023-03-15 16:33:00
1139,251,5,Excelente serviço.,2023-02-10 22:55:00
1140,7798,4,Muito bom!,2023-01-29 20:40:00
1141,16409,4,Comida deliciosa.,2023-01-09 09:22:00
1142,16099,5,Comida deliciosa.,2023-02-02 02:37:00
1143,15029,5,Muito bom!,2023-06-15 02:53:00
1144,17136,5,Chegou rápido.,2023-09-04 07:56:00
1145,18745,5,Chegou rápido.,2023-06-29 08:54:00
1146,3106,4,Comida deliciosa.,2023-11-04 19:15:00
1147,1483,3,Não gostei.,2023-09-04 11:41:00
1148,8052,4,Excelente serviço.,2023-07-16 06:34:00
1149,6395,5,Comida deliciosa.,2023-04-20 08:20:00
1150,14681,5,Excelente serviço.,2023-06-18 07:54:00
1151,10615,5,Chegou rápido.,2023-01-26 20:58:00
1152,3088,2,Não gostei.,2023-05-08 03:54:00
1153,7370,5,Chegou rápido.,2023-12-22 22:13:00
1154,3555,5,Excelente serviço.,2023-07-13 07:20:00
1155,11476,4,Excelente serviço.,2023-08-24 07:22:00
1156,9364,5,Recomendo!,2023-02-22 16:25:00
1157,5187,1,Não gostei.,2023-03-20 02:45:00
1158,9147,5,Muito bom!,2023-10-24 22:58:00
1159,9020,4,Comida deliciosa.,2023-05-14 19:14:00
1160,6604,5,Recomendo!,2023-01-10 17:16:00
1161,19268,5,Comida deliciosa.,2023-03-04 14:23:00
1162,11972,5,Excelente serviço.,2023-06-10 04:26:00
1163,3632,5,Recomendo!,2023-05-11 09:21:00
1164,16053,2,Pedido errado.,2023-11-14 02:57:00
1165,1166,5,Excelente serviço.,2023-04-29 01:44:00
1166,9297,5,Excelente serviço.,2023-07-11 14:55:00
1167,99,5,Muito bom!,2024-01-02 13:20:00
1168,2129,4,Chegou rápido.,2023-06-23 01:57:00
1169,14533,4,Excelente serviço.,2023-11-04 12:14:00
1170,875,5,Comida deliciosa.,2023-08-23 04:33:00
1171,18454,5,Recomendo!,2023-11-09 23:00:00
1172,16647,5,Chegou rápido.,2023-05-23 11:42:00
1173,3921,5,Excelente serviço.,2023-07-22 09:48:00
1174,18725,5,Recomendo!,2023-07-26 02:41:00
1175,16806,5,Recomendo!,2023-07-27 21:41:00
1176,11885,1,Pedido errado.,2023-08-04 22:44:00
1177,5582,3,Demorou muito.,2023-06-20 02:05:00
1178,1714,5,Excelente serviço.,2023-07-05 20:45:00
1179,13059,5,Recomendo!,2023-01-06 01:42:00
1180,3603,4,Chegou rápido.,2023-11-15 16:01:00
1181,17678,5,Muito bom!,2023-12-09 10:47:00
1182,17881,5,Excelente serviço.,2023-02-23 11:12:00
1183,17937,4,Comida deliciosa.,2023-09-02 09:58:00
1184,16854,5,Muito bom!,2023-09-02 01:03:00
1185,14383,4,Chegou rápido.,2023-08-14 13:58:00
1186,14373,5,Excelente serviço.,2023-08-14 04:00:00
1187,13911,5,Chegou rápido.,2023-07-08 00:19:00
1188,15814,5,Chegou rápido.,2023-11-20 10:17:00
1189,15999,2,Não gostei.,2023-06-28 13:06:00
1190,19180,4,Comida deliciosa.,2023-08-27 19:44:00
1191,12281,4,Muito bom!,2023-12-06 23:36:00
1192,15303,4,Excelente serviço.,2023-09-13 07:59:00
1193,18301,4,Chegou rápido.,2023-09-06 09:17:00
1194,11511,5,Excelente serviço.,2023-08-07 21:13:00
1195,16482,5,Excelente serviço.,2023-03-10 22:32:00
1196,10661,2,Não gostei.,2023-08-14 12:19:00
1197,13898,5,Excelente serviço.,2023-03-06 22:56:00
1198,1101,5,Excelente serviço.,2023-03-13 12:57:00
1199,4382,5,Muito bom!,2023-10-05 09:23:00
1200,13639,5,Chegou rápido.,2023-07-09 22:07:00
1201,7691,1,Comida fria.,2023-01-05 02:45:00
1202,1519,5,Recomendo!,2023-04-11 11:45:00
1203,14262,5,Recomendo!,2023-03-26 17:00:00
1204,5107,5,Excelente serviço.,2023-04-25 23:44:00
1205,1873,5,Comida deliciosa.,2023-02-10 10:29:00
1206,3912,2,Pode melhorar.,2023-12-21 19:39:00
1207,8901,5,Comida deliciosa.,2023-04-21 04:03:00
1208,11856,5,Comida deliciosa.,2023-05-29 09:46:00
1209,10305,4,Muito bom!,2023-07-20 01:52:00
1210,16937,4,Muito bom!,2023-11-09 13:00:00
1211,19605,5,Comida deliciosa.,2023-01-03 00:02:00
1212,10497,5,Recomendo!,2023-06-14 04:23:00
1213,6936,5,Excelente serviço.,2023-05-11 13:55:00
1214,10956,3,Pedido errado.,2023-07-08 02:45:00
1215,15428,4,Excelente serviço.,2023-01-30 03:04:00
1216,18609,5,Comida deliciosa.,2023-11-24 02:54:00
1217,14347,5,Muito bom!,2023-04-14 01:27:00
1218,1081,4,Comida deliciosa.,2023-02-08 13:38:00
1219,7084,4,Muito bom!,2023-03-21 11:48:00
1220,2502,4,Muito bom!,2023-08-02 01:03:00
1221,168,3,Pode melhorar.,2023-07-28 07:42:00
1222,1691,5,Recomendo!,2023-01-02 14:40:00
1223,4243,5,Chegou rápido.,2023-11-24 03:30:00
1224,4501,3,Não gostei.,2023-09-02 00:36:00
1225,3292,1,Não gostei.,2023-09-25 09:09:00
1226,5168,5,Comida deliciosa.,2023-07-03 21:49:00
1227,12092,5,Chegou rápido.,2023-05-07 00:11:00
1228,921,4,Comida deliciosa.,2023-03-29 11:50:00
1229,19047,4,Chegou rápido.,2023-03-08 08:58:00
1230,7515,2,Pode melhorar.,2023-11-17 00:30:00
1231,3284,4,Recomendo!,2023-02-16 21:06:00
1232,10616,5,Comida deliciosa.,2023-05-31 22:20:00
1233,12206,5,Muito bom!,2023-01-20 17:35:00
1234,11550,3,Demorou muito.,2023-04-16 12:29:00
1235,2380,2,Não gostei.,2023-09-03 17:24:00
1236,3639,5,Excelente serviço.,2023-10-17 01:26:00
1237,16145,1,Pode melhorar.,2023-05-03 08:25:00
1238,11488,5,Recomendo!,2023-09-14 16:49:00
1239,12994,1,Comida fria.,2023-10-23 10:30:00
1240,2441,4,Recomendo!,2023-01-26 10:46:00
1241,5287,5,Comida deliciosa.,2023-10-08 00:14:00
1242,17374,5,Recomendo!,2023-02-02 22:48:00
1243,15215,4,Chegou rápido.,2023-02-14 23:02:00
1244,3922,3,Comida fria.,2023-11-12 07:15:00
1245,12291,5,Muito bom!,2023-12-22 19:55:00
1246,8724,5,Comida deliciosa.,2023-04-06 05:37:00
1247,6867,5,Recomendo!,2023-10-19 06:17:00
1248,5408,4,Muito bom!,2023-04-12 01:43:00
1249,877,5,Comida deliciosa.,2023-03-12 17:00:00
1250,9711,1,Comida fria.,2023-04-07 14:08:00
1251,12724,5,Chegou rápido.,2023-06-11 12:09:00
1252,5425,3,Não gostei.,2023-05-12 00:57:00
1253,3626,5,Recomendo!,2023-06-03 00:11:00
1254,10005,3,Demorou muito.,2023-02-21 09:54:00
1255,16486,4,Excelente serviço.,2023-09-07 08:09:00
1256,7670,5,Muito bom!,2023-04-10 09:31:00
1257,36,4,Excelente serviço.,2023-11-15 01:30:00
1258,1547,5,Excelente serviço.,2023-08-06 07:53:00
1259,10075,5,Muito bom!,2023-05-21 13:30:00
1260,6105,4,Chegou rápido.,2023-04-05 22:53:00
1261,14626,5,Chegou rápido.,2023-08-06 12:26:00
1262,3246,5,Recomendo!,2023-06-18 05:09:00
1263,10577,5,Chegou rápido.,2023-07-31 09:01:00
1264,9933,5,Chegou rápido.,2023-04-03 17:21:00
1265,10282,5,Chegou rápido.,2023-02-20 15:30:00
1266,13641,5,Excelente serviço.,2023-08-10 01:44:00
1267,2410,1,Pedido errado.,2023-12-07 10:49:00
1268,10701,2,Demorou muito.,2023-04-08 00:43:00
1269,18194,4,Muito bom!,2023-04-14 08:18:00
1270,6692,2,Pedido errado.,2023-07-09 00:54:00
1271,16201,4,Muito bom!,2023-08-23 22:26:00
1272,11149,4,Chegou rápido.,2023-06-20 20:56:00
1273,6628,5,Recomendo!,2023-03-08 07:25:00
1274,16862,4,Recomendo!,2023-04-03 14:40:00
1275,4229,5,Comida deliciosa.,2023-10-05 03:56:00
1276,7664,5,Muito bom!,2023-04-02 04:16:00
1277,4969,5,Muito bom!,2023-02-09 09:39:00
1278,9690,4,Muito bom!,2023-09-13 18:26:00
1279,158,5,Recomendo!,2023-12-18 09:50:00
1280,18974,5,Muito bom!,2023-06-09 05:42:00
1281,1230,5,Muito bom!,2023-02-16 09:08:00
1282,13558,3,Comida fria.,2023-01-27 02:53:00
1283,3357,5,Chegou rápido.,2023-12-13 14:46:00
1284,2068,5,Chegou rápido.,2023-02-08 02:08:00
1285,19548,5,Comida deliciosa.,2023-07-15 04:27:00
1286,14638,5,Excelente serviço.,2023-10-26 18:24:00
1287,8681,5,Excelente serviço.,2023-12-13 12:44:00
1288,1145,5,Comida deliciosa.,2023-01-29 02:26:00
1289,619,3,Não gostei.,2023-08-06 18:23:00
1290,15448,5,Chegou rápido.,2023-08-04 04:12:00
1291,6693,4,Recomendo!,2023-06-03 09:40:00
1292,15136,5,Muito bom!,2023-01-12 23:32:00
1293,5269,5,Excelente serviço.,2023-09-03 07:51:00
1294,13920,5,Muito bom!,2023-08-04 16:42:00
1295,13510,4,Excelente serviço.,2023-06-19 17:09:00
1296,12467,4,Recomendo!,2023-09-10 11:00:00
1297,4597,5,Recomendo!,2023-11-03 16:06:00
1298,3420,4,Chegou rápido.,2023-10-07 13:41:00
1299,8370,5,Comida deliciosa.,2023-09-18 01:07:00
1300,9508,1,Pode melhorar.,2023-03-22 22:58:00
1301,9096,5,Recomendo!,2023-05-30 06:31:00
1302,3969,3,Pedido errado.,2023-01-29 15:44:00
1303,7631,3,Não gostei.,2023-11-21 16:23:00
1304,10220,5,Excelente serviço.,2023-09-11 13:50:00
1305,10880,3,Pedido errado.,2023-06-04 18:39:00
1306,3353,5,Muito bom!,2023-10-22 10:10:00
1307,10136,1,Pedido errado.,2023-09-22 07:27:00
1308,11497,5,Muito bom!,2023-07-08 09:37:00
1309,7920,5,Chegou rápido.,2023-02-18 14:58:00
1310,14430,4,Muito bom!,2023-10-30 10:50:00
1311,11787,2,Pode melhorar.,2023-10-11 00:17:00
1312,9669,3,Não gostei.,2023-07-13 18:28:00
1313,13499,5,Recomendo!,2023-03-09 17:27:00
1314,3275,5,Muito bom!,2023-05-28 06:33:00
1315,9211,4,Recomendo!,2023-05-02 02:24:00
1316,6273,1,Demorou muito.,2023-12-17 21:57:00
1317,11209,4,Recomendo!,2023-05-25 03:45:00
1318,1380,5,Muito bom!,2023-09-22 07:37:00
1319,6845,5,Muito bom!,2023-03-23 09:11:00
1320,7570,4,Muito bom!,2023-05-07 13:52:00
1321,18455,3,Não gostei.,2023-10-23 10:11:00
1322,5891,5,Recomendo!,2023-12-07 23:13:00
1323,7246,5,Comida deliciosa.,2023-06-26 16:55:00
1324,17871,5,Muito bom!,2023-04-06 22:21:00
1325,15400,4,Comida deliciosa.,2023-03-18 00:52:00
1326,11012,4,Muito bom!,2023-06-06 21:56:00
1327,15050,5,Recomendo!,2023-08-04 02:26:00
1328,846,4,Chegou rápido.,2023-07-12 16:11:00
1329,16692,5,Comida deliciosa.,2023-03-26 09:41:00
1330,3009,5,Muito bom!,2023-09-29 10:16:00
1331,19931,5,Recomendo!,2023-04-16 10:11:00
1332,12298,5,Excelente serviço.,2023-07-18 05:51:00
1333,15727,5,Excelente serviço.,2023-11-01 11:42:00
1334,18095,4,Recomendo!,2023-06-17 13:06:00
1335,640,1,Comida fria.,2023-02-23 19:05:00
1336,4980,5,Chegou rápido.,2023-12-08 19:24:00
1337,7015,3,Não gostei.,2023-01-29 11:48:00
1338,2028,3,Pedido errado.,2023-07-21 01:58:00
1339,5174,4,Chegou rápido.,2023-09-24 02:41:00
1340,8029,4,Excelente serviço.,2023-05-16 21:13:00
1341,6724,1,Pedido errado.,2023-07-25 13:54:00
1342,7314,2,Não gostei.,2023-07-22 03:57:00
1343,18813,5,Excelente serviço.,2023-11-22 19:19:00
1344,15441,4,Muito bom!,2023-01-06 03:22:00
1345,4128,4,Excelente serviço.,2023-06-24 02:25:00
1346,3104,3,Pode melhorar.,2023-02-25 12:48:00
1347,4432,4,Chegou rápido.,2023-12-30 23:42:00
1348,8640,5,Excelente serviço.,2023-09-27 14:55:00
1349,9710,4,Chegou rápido.,2023-12-05 07:36:00
1350,11380,5,Excelente serviço.,2023-10-01 16:19:00
1351,5636,5,Recomendo!,2023-06-05 07:56:00
1352,4348,5,Comida deliciosa.,2023-03-15 07:42:00
1353,14487,5,Muito bom!,2023-08-30 19:15:00
1354,1614,5,Chegou rápido.,2023-11-28 18:28:00
1355,1399,5,Recomendo!,2023-05-20 18:01:00
1356,11522,2,Pedido errado.,2023-12-07 09:45:00
1357,18686,4,Recomendo!,2023-09-01 13:15:00
1358,16438,5,Comida deliciosa.,2023-02-09 17:12:00
1359,13007,5,Comida deliciosa.,2023-12-22 08:36:00
1360,18888,4,Muito bom!,2023-10-11 02:41:00
1361,17391,5,Recomendo!,2023-02-06 18:16:00
1362,16096,3,Não gostei.,2023-12-14 09:49:00
1363,9413,5,Chegou rápido.,2023-09-19 11:37:00
1364,11135,5,Recomendo!,2023-10-29 04:19:00
1365,10645,3,Pedido errado.,2023-04-30 04:37:00
1366,8614,5,Chegou rápido.,2023-01-26 16:30:00
1367,18959,5,Excelente serviço.,2023-08-28 10:06:00
1368,7409,3,Demorou muito.,2023-11-12 08:39:00
1369,14322,1,Pedido errado.,2023-05-25 11:21:00
1370,15253,3,Pode melhorar.,2023-10-28 14:38:00
1371,19476,4,Muito bom!,2023-01-23 20:28:00
1372,15392,4,Recomendo!,2023-03-25 23:01:00
1373,12425,5,Comida deliciosa.,2023-08-07 05:48:00
1374,19202,5,Excelente serviço.,2023-03-20 01:28:00
1375,4814,4,Comida deliciosa.,2023-12-01 17:46:00
1376,14255,5,Excelente serviço.,2023-12-05 11:10:00
1377,17765,5,Chegou rápido.,2023-07-31 04:09:00
1378,13578,5,Muito bom!,2023-02-28 17:55:00
1379,8293,5,Chegou rápido.,2023-08-01 07:44:00
1380,6526,4,Muito bom!,2023-10-27 22:40:00
1381,9610,5,Recomendo!,2023-07-23 05:49:00
1382,11254,2,Não gostei.,2023-04-21 13:04:00
1383,19918,1,Pode melhorar.,2023-05-24 18:48:00
1384,8538,1,Não gostei.,2023-05-17 09:16:00
1385,1513,5,Comida deliciosa.,2023-02-21 14:48:00
1386,15649,4,Excelente serviço.,2023-11-27 15:30:00
1387,14890,4,Muito bom!,2023-06-13 22:12:00
1388,1001,4,Muito bom!,2023-07-09 22:43:00
1389,2604,1,Pedido errado.,2023-10-23 06:27:00
1390,16912,5,Muito bom!,2023-06-10 15:42:00
1391,15357,4,Comida deliciosa.,2023-12-30 11:29:00
1392,9359,5,Chegou rápido.,2023-08-24 09:22:00
1393,4415,5,Excelente serviço.,2023-03-07 10:37:00
1394,19371,5,Comida deliciosa.,2023-10-31 06:11:00
1395,18444,3,Comida fria.,2023-05-20 10:12:00
1396,4182,5,Muito bom!,2023-09-08 01:53:00
1397,16465,5,Muito bom!,2023-01-20 11:30:00
1398,7911,5,Excelente serviço.,2023-11-07 17:03:00
1399,14907,5,Excelente serviço.,2023-01-15 05:53:00
1400,8195,5,Chegou rápido.,2023-11-05 13:11:00
1401,18206,4,Recomendo!,2023-05-04 18:16:00
1402,13704,4,Excelente serviço.,2023-06-10 05:01:00
1403,8081,5,Excelente serviço.,2023-04-22 10:48:00
1404,4840,4,Excelente serviço.,2023-06-24 09:53:00
1405,12329,5,Muito bom!,2023-06-03 15:17:00
1406,9516,4,Recomendo!,2023-07-03 01:20:00
1407,8418,4,Comida deliciosa.,2023-07-26 21:34:00
1408,2198,4,Recomendo!,2023-12-22 17:03:00
1409,13004,4,Excelente serviço.,2023-05-11 20:05:00
1410,8228,5,Excelente serviço.,2023-06-21 09:27:00
1411,4789,4,Recomendo!,2023-11-06 05:19:00
1412,7563,5,Recomendo!,2023-06-24 21:37:00
1413,4586,5,Muito bom!,2023-12-24 08:29:00
1414,17499,1,Pode melhorar.,2023-10-23 13:09:00
1415,18623,5,Recomendo!,2023-02-20 11:29:00
1416,15803,5,Comida deliciosa.,2023-01-05 22:59:00
1417,9506,4,Muito bom!,2023-06-22 08:25:00
1418,11036,5,Recomendo!,2023-04-27 14:03:00
1419,11038,3,Comida fria.,2023-01-03 03:26:00
1420,13895,5,Chegou rápido.,2023-12-29 04:22:00
1421,1470,1,Demorou muito.,2023-04-04 08:24:00
1422,7348,5,Excelente serviço.,2023-07-03 18:06:00
1423,1245,2,Comida fria.,2023-12-19 05:18:00
1424,17483,5,Muito bom!,2023-04-20 11:35:00
1425,4909,5,Excelente serviço.,2023-04-23 19:51:00
1426,10029,4,Muito bom!,2023-10-17 03:31:00
1427,10146,5,Excelente serviço.,2023-04-29 05:21:00
1428,19602,3,Demorou muito.,2023-05-25 12:36:00
1429,5182,5,Comida deliciosa.,2023-10-21 03:20:00
1430,10867,4,Muito bom!,2023-04-12 03:56:00
1431,12313,4,Chegou rápido.,2023-03-17 07:29:00
1432,13358,4,Chegou rápido.,2023-11-09 22:24:00
1433,16568,4,Excelente serviço.,2023-04-25 15:09:00
1434,2634,4,Recomendo!,2023-07-29 18:47:00
1435,58,5,Recomendo!,2023-10-27 07:51:00
1436,29,4,Excelente serviço.,2023-09-05 01:38:00
1437,8825,5,Excelente serviço.,2023-06-17 23:59:00
1438,2697,5,Comida deliciosa.,2023-06-19 04:52:00
1439,4228,4,Comida deliciosa.,2023-10-16 21:23:00
1440,10749,4,Muito bom!,2023-06-16 19:00:00
1441,1328,4,Comida deliciosa.,2023-10-17 21:20:00
1442,1831,5,Chegou rápido.,2023-06-04 12:26:00
1443,1441,4,Chegou rápido.,2023-11-21 20:24:00
1444,13809,5,Muito bom!,2023-05-18 12:57:00
1445,1119,5,Muito bom!,2023-09-10 00:29:00
1446,5571,5,Comida deliciosa.,2023-03-10 04:06:00
1447,7660,2,Comida fria.,2023-05-12 22:46:00
1448,4040,2,Comida fria.,2023-02-07 09:17:00
1449,15250,4,Recomendo!,2023-10-21 12:55:00
1450,17489,4,Muito bom!,2023-04-26 09:30:00
1451,12744,1,Demorou muito.,2023-04-24 04:56:00
1452,8658,3,Comida fria.,2023-07-22 00:03:00
1453,9748,4,Recomendo!,2023-07-20 03:50:00
1454,6833,4,Excelente serviço.,2023-03-21 09:54:00
1455,17145,3,Não gostei.,2023-08-02 14:09:00
1456,16763,5,Muito bom!,2023-03-10 08:44:00
1457,13981,3,Pode melhorar.,2023-01-03 18:56:00
1458,19521,2,Demorou muito.,2023-02-20 03:55:00
1459,12773,4,Muito bom!,2023-09-14 22:47:00
1460,5148,5,Muito bom!,2023-12-13 19:06:00
1461,13329,3,Demorou muito.,2023-09-29 01:55:00
1462,13405,5,Comida deliciosa.,2023-07-29 16:28:00
1463,17270,2,Demorou muito.,2023-05-12 23:15:00
1464,11543,5,Muito bom!,2023-11-07 23:03:00
1465,6055,5,Chegou rápido.,2023-07-24 16:55:00
1466,11532,2,Pedido errado.,2023-06-25 11:38:00
1467,9541,5,Muito bom!,2023-04-20 13:32:00
1468,1612,5,Excelente serviço.,2023-10-16 10:34:00
1469,1960,5,Chegou rápido.,2023-06-10 15:07:00
1470,14700,2,Pode melhorar.,2023-01-27 22:40:00
1471,18910,5,Chegou rápido.,2023-11-02 00:40:00
1472,12277,1,Comida fria.,2023-10-28 21:15:00
1473,8781,5,Chegou rápido.,2023-11-16 20:32:00
1474,13792,5,Muito bom!,2023-07-26 12:15:00
1475,12245,5,Recomendo!,2023-11-28 20:59:00
1476,9761,3,Comida fria.,2023-08-07 09:59:00
1477,18244,5,Chegou rápido.,2023-03-12 11:17:00
1478,13080,4,Excelente serviço.,2023-05-20 02:33:00
1479,8034,5,Chegou rápido.,2023-12-21 11:41:00
1480,15996,5,Excelente serviço.,2023-08-30 06:41:00
1481,6068,4,Recomendo!,2023-12-13 02:35:00
1482,2471,4,Recomendo!,2023-11-28 13:32:00
1483,17205,4,Muito bom!,2023-03-19 09:25:00
1484,14602,5,Comida deliciosa.,2023-12-12 14:53:00
1485,4719,4,Excelente serviço.,2023-03-04 02:34:00
1486,3050,4,Muito bom!,2023-01-29 03:40:00
1487,12838,5,Recomendo!,2023-09-10 01:26:00
1488,19980,4,Comida deliciosa.,2023-06-21 16:25:00
1489,11499,4,Excelente serviço.,2023-10-12 19:05:00
1490,7009,5,Comida deliciosa.,2023-01-17 03:21:00
1491,18004,4,Chegou rápido.,2023-12-10 05:00:00
1492,10349,5,Chegou rápido.,2023-02-27 05:14:00
1493,4487,5,Chegou rápido.,2023-12-23 19:04:00
1494,16684,4,Excelente serviço.,2023-06-19 08:10:00
1495,6252,4,Chegou rápido.,2023-07-09 10:18:00
1496,10202,1,Demorou muito.,2023-05-31 07:04:00
1497,13489,5,Muito bom!,2023-07-10 04:24:00
1498,6870,5,Excelente serviço.,2023-08-30 04:21:00
1499,17622,4,Recomendo!,2023-06-03 08:13:00
1500,4822,3,Pode melhorar.,2023-05-03 17:52:00
1501,12649,5,Recomendo!,2023-07-01 13:50:00
1502,2477,4,Excelente serviço.,2023-04-25 15:27:00
1503,16665,4,Chegou rápido.,2023-11-12 17:36:00
1504,2885,5,Recomendo!,2023-03-29 13:54:00
1505,141,5,Comida deliciosa.,2023-05-05 23:36:00
1506,10733,5,Muito bom!,2023-12-01 02:05:00
1507,8196,5,Chegou rápido.,2023-11-20 06:40:00
1508,19489,5,Excelente serviço.,2023-03-05 21:27:00
1509,1694,4,Recomendo!,2023-12-28 19:20:00
1510,12509,2,Pedido errado.,2023-11-07 04:12:00
1511,10732,2,Não gostei.,2023-05-23 03:47:00
1512,366,4,Chegou rápido.,2023-06-08 06:41:00
1513,6639,2,Não gostei.,2023-01-02 15:06:00
1514,2854,5,Recomendo!,2023-11-25 10:46:00
1515,15207,5,Comida deliciosa.,2023-05-03 01:09:00
1516,12211,5,Comida deliciosa.,2023-12-11 13:34:00
1517,2511,5,Comida deliciosa.,2023-09-15 03:04:00
1518,12052,5,Excelente serviço.,2023-06-07 09:22:00
1519,8591,5,Chegou rápido.,2023-11-20 22:08:00
1520,5812,5,Excelente serviço.,2023-09-05 20:25:00
1521,8520,5,Comida deliciosa.,2023-07-25 19:34:00
1522,12384,5,Muito bom!,2023-03-19 09:32:00
1523,5310,5,Chegou rápido.,2023-01-28 03:38:00
1524,12164,4,Muito bom!,2023-05-01 07:56:00
1525,5598,4,Chegou rápido.,2023-08-31 20:38:00
1526,11745,4,Chegou rápido.,2023-05-21 17:49:00
1527,17244,5,Muito bom!,2023-03-02 00:59:00
1528,66,5,Chegou rápido.,2023-06-13 20:34:00
1529,9216,4,Muito bom!,2023-02-21 02:10:00
1530,5090,5,Recomendo!,2023-11-12 16:39:00
1531,2694,5,Muito bom!,2023-11-21 17:46:00
1532,4710,3,Comida fria.,2023-09-19 15:35:00
1533,12355,5,Recomendo!,2023-02-03 01:48:00
1534,1738,3,Não gostei.,2023-11-13 22:58:00
1535,5622,5,Chegou rápido.,2023-10-17 04:47:00
1536,19848,4,Chegou rápido.,2023-03-06 05:28:00
1537,787,4,Muito bom!,2023-11-05 02:55:00
1538,8652,5,Comida deliciosa.,2023-05-25 08:23:00
1539,3277,4,Recomendo!,2023-05-04 22:54:00
1540,18978,4,Excelente serviço.,2023-02-19 05:14:00
1541,7997,4,Chegou rápido.,2023-07-19 00:43:00
1542,8182,4,Excelente serviço.,2023-06-18 21:32:00
1543,14909,1,Comida fria.,2023-09-11 21:14:00
1544,6675,5,Excelente serviço.,2023-12-21 09:12:00
1545,19899,5,Chegou rápido.,2023-06-06 04:08:00
1546,5885,5,Recomendo!,2023-03-31 09:48:00
1547,7916,3,Comida fria.,2023-03-06 05:18:00
1548,2285,5,Muito bom!,2023-12-30 17:58:00
1549,8022,1,Pode melhorar.,2023-07-26 18:29:00
1550,17357,4,Comida deliciosa.,2023-05-30 18:12:00
1551,7967,4,Chegou rápido.,2023-03-21 06:12:00
1552,2476,4,Chegou rápido.,2023-03-19 10:14:00
1553,232,5,Comida deliciosa.,2023-01-28 10:22:00
1554,10396,5,Muito bom!,2023-09-13 05:16:00
1555,16249,4,Chegou rápido.,2023-11-12 22:43:00
1556,7013,4,Comida deliciosa.,2023-04-21 21:36:00
1557,19856,4,Chegou rápido.,2023-05-07 23:59:00
1558,11072,2,Pedido errado.,2023-10-27 17:35:00
1559,18342,4,Chegou rápido.,2023-09-17 19:35:00
1560,8773,5,Comida deliciosa.,2023-01-06 10:15:00
1561,15711,5,Muito bom!,2023-04-11 06:39:00
1562,11473,4,Muito bom!,2023-02-05 15:30:00
1563,12869,5,Muito bom!,2023-12-03 16:50:00
1564,11706,5,Comida deliciosa.,2023-09-12 07:17:00
1565,12105,4,Recomendo!,2023-01-02 07:15:00
1566,16061,4,Chegou rápido.,2023-11-29 19:19:00
1567,15063,5,Comida deliciosa.,2023-04-20 02:12:00
1568,771,5,Excelente serviço.,2023-11-14 12:56:00
1569,14619,5,Muito bom!,2023-06-10 23:16:00
1570,3437,5,Excelente serviço.,2023-12-28 16:33:00
1571,17265,3,Pedido errado.,2023-10-29 06:42:00
1572,6401,4,Muito bom!,2023-05-05 03:25:00
1573,642,3,Demorou muito.,2023-06-16 05:16:00
1574,4727,5,Muito bom!,2023-12-05 15:10:00
1575,4513,4,Muito bom!,2023-06-11 16:25:00
1576,2096,5,Recomendo!,2023-12-22 23:54:00
1577,9852,5,Recomendo!,2023-10-21 09:48:00
1578,11262,5,Muito bom!,2023-05-29 04:50:00
1579,8787,5,Recomendo!,2023-11-29 07:24:00
1580,14042,5,Muito bom!,2023-05-23 12:15:00
1581,15213,5,Chegou rápido.,2023-02-27 18:28:00
1582,18199,4,Excelente serviço.,2023-09-08 23:51:00
1583,16876,4,Recomendo!,2023-07-16 23:28:00
1584,18363,4,Comida deliciosa.,2023-08-08 02:44:00
1585,1894,5,Excelente serviço.,2023-12-10 21:55:00
1586,16098,5,Recomendo!,2023-06-30 22:17:00
1587,8362,4,Recomendo!,2023-04-29 04:55:00
1588,7936,4,Muito bom!,2023-12-03 23:17:00
1589,13074,3,Demorou muito.,2023-12-09 03:48:00
1590,3244,5,Recomendo!,2023-09-05 09:34:00
1591,13654,4,Muito bom!,2023-08-04 06:16:00
1592,18699,3,Comida fria.,2023-02-03 14:38:00
1593,11144,3,Não gostei.,2023-09-17 16:41:00
1594,16056,2,Comida fria.,2023-02-14 13:30:00
1595,13955,5,Recomendo!,2023-10-24 16:25:00
1596,9079,4,Muito bom!,2023-11-12 14:02:00
1597,6726,2,Comida fria.,2023-03-17 06:40:00
1598,17966,5,Comida deliciosa.,2023-12-03 22:34:00
1599,6409,3,Comida fria.,2023-01-01 20:46:00
1600,1765,5,Recomendo!,2023-12-01 15:13:00
1601,15453,4,Comida deliciosa.,2023-08-26 01:26:00
1602,9399,5,Excelente serviço.,2023-04-09 00:27:00
1603,11279,5,Muito bom!,2023-12-01 01:16:00
1604,19749,3,Pode melhorar.,2023-07-13 14:38:00
1605,12289,5,Muito bom!,2023-01-07 08:41:00
1606,12534,5,Excelente serviço.,2023-07-28 20:33:00
1607,1678,5,Chegou rápido.,2023-08-12 00:18:00
1608,14540,5,Recomendo!,2023-11-29 12:47:00
1609,2751,5,Excelente serviço.,2023-08-28 17:22:00
1610,1055,5,Comida deliciosa.,2023-09-25 11:14:00
1611,18706,4,Muito bom!,2023-04-30 17:45:00
1612,15586,4,Chegou rápido.,2023-09-10 22:40:00
1613,8881,5,Excelente serviço.,2023-10-25 02:16:00
1614,17849,5,Chegou rápido.,2023-12-30 01:07:00
1615,9833,1,Comida fria.,2023-02-04 01:27:00
1616,18953,5,Chegou rápido.,2023-08-04 05:37:00
1617,17721,2,Pedido errado.,2023-04-09 12:17:00
1618,10936,1,Pode melhorar.,2023-10-25 00:27:00
1619,18647,5,Recomendo!,2023-10-02 18:06:00
1620,1494,5,Comida deliciosa.,2023-10-15 23:21:00
1621,19696,5,Recomendo!,2023-05-11 12:05:00
1622,5939,4,Comida deliciosa.,2023-09-26 05:17:00
1623,5943,5,Recomendo!,2023-02-14 18:34:00
1624,11689,5,Recomendo!,2023-11-07 06:59:00
1625,1287,5,Comida deliciosa.,2023-07-12 03:25:00
1626,12154,5,Excelente serviço.,2023-06-17 20:18:00
1627,2000,5,Recomendo!,2023-08-14 00:02:00
1628,19819,4,Recomendo!,2023-02-25 11:54:00
1629,16883,5,Excelente serviço.,2023-11-25 10:29:00
1630,8682,5,Excelente serviço.,2023-03-08 03:27:00
1631,18263,5,Chegou rápido.,2023-11-21 18:37:00
1632,15172,1,Pode melhorar.,2023-06-08 09:45:00
1633,11715,5,Excelente serviço.,2023-10-16 10:39:00
1634,17020,1,Demorou muito.,2023-09-26 10:33:00
1635,18659,4,Comida deliciosa.,2023-06-16 14:50:00
1636,2762,5,Muito bom!,2023-01-16 04:01:00
1637,5121,2,Comida fria.,2023-05-06 15:08:00
1638,4110,5,Chegou rápido.,2023-01-21 15:39:00
1639,12973,3,Demorou muito.,2023-05-30 10:38:00
1640,12778,5,Muito bom!,2023-12-08 15:28:00
1641,9022,5,Chegou rápido.,2023-09-05 06:18:00
1642,18849,5,Comida deliciosa.,2023-10-22 08:08:00
1643,15432,4,Comida deliciosa.,2023-04-03 00:40:00
1644,3647,5,Recomendo!,2023-11-22 10:22:00
1645,18317,5,Chegou rápido.,2023-07-06 17:48:00
1646,19714,1,Pode melhorar.,2023-01-18 07:23:00
1647,1770,5,Excelente serviço.,2023-01-18 11:56:00
1648,5039,3,Não gostei.,2023-08-06 16:57:00
1649,5758,2,Pode melhorar.,2023-06-22 18:21:00
1650,11330,5,Chegou rápido.,2023-04-19 06:43:00
1651,3576,3,Não gostei.,2023-11-19 11:25:00
1652,17460,5,Recomendo!,2023-08-09 12:31:00
1653,11442,5,Chegou rápido.,2023-11-06 09:01:00
1654,16925,5,Muito bom!,2023-06-21 17:21:00
1655,8883,5,Muito bom!,2023-12-12 14:50:00
1656,18215,5,Muito bom!,2023-01-27 01:34:00
1657,3074,4,Muito bom!,2023-11-17 09:17:00
1658,3640,4,Muito bom!,2023-12-25 18:17:00
1659,13213,4,Muito bom!,2023-02-10 00:51:00
1660,8305,5,Comida deliciosa.,2023-01-13 20:53:00
1661,3658,5,Recomendo!,2023-12-15 23:55:00
1662,6324,5,Chegou rápido.,2023-10-27 12:24:00
1663,6315,5,Excelente serviço.,2023-04-16 13:45:00
1664,601,3,Pode melhorar.,2023-10-31 06:44:00
1665,1367,4,Recomendo!,2023-02-12 05:50:00
1666,7317,4,Chegou rápido.,2023-02-13 11:44:00
1667,19525,5,Comida deliciosa.,2023-05-21 19:52:00
1668,11906,5,Recomendo!,2023-11-14 23:10:00
1669,4067,3,Pode melhorar.,2023-08-06 17:20:00
1670,19236,5,Excelente serviço.,2023-07-08 08:58:00
1671,15009,5,Excelente serviço.,2023-12-06 00:19:00
1672,2648,3,Pode melhorar.,2023-08-22 02:02:00
1673,17782,4,Chegou rápido.,2023-06-12 21:40:00
1674,11688,2,Pode melhorar.,2023-12-28 06:53:00
1675,18815,5,Chegou rápido.,2023-07-14 15:36:00
1676,11243,5,Excelente serviço.,2023-08-22 02:59:00
1677,5127,5,Chegou rápido.,2023-12-17 03:42:00
1678,6369,4,Recomendo!,2023-07-21 12:24:00
1679,9272,2,Pedido errado.,2023-01-23 17:53:00
1680,10098,4,Recomendo!,2023-06-08 02:00:00
1681,8151,4,Muito bom!,2023-04-07 10:59:00
1682,14290,4,Excelente serviço.,2023-02-13 13:31:00
1683,10407,5,Muito bom!,2023-12-09 05:04:00
1684,2813,4,Recomendo!,2023-07-26 16:47:00
1685,10483,5,Muito bom!,2023-04-04 18:23:00
1686,12351,4,Chegou rápido.,2024-01-01 17:31:00
1687,2291,1,Comida fria.,2023-09-16 08:06:00
1688,9250,5,Comida deliciosa.,2023-12-11 13:55:00
1689,517,5,Recomendo!,2023-07-09 02:38:00
1690,4441,5,Excelente serviço.,2023-02-23 08:35:00
1691,18229,4,Recomendo!,2023-05-15 07:24:00
1692,18777,5,Comida deliciosa.,2023-12-25 10:59:00
1693,6481,5,Excelente serviço.,2023-04-14 00:14:00
1694,12271,5,Recomendo!,2023-05-11 17:46:00
1695,9343,5,Muito bom!,2023-03-27 04:05:00
1696,15820,5,Chegou rápido.,2023-09-26 09:05:00
1697,8694,5,Excelente serviço.,2023-08-21 14:01:00
1698,4166,4,Excelente serviço.,2023-02-21 07:49:00
1699,4176,3,Pode melhorar.,2023-10-14 22:32:00
1700,6569,5,Muito bom!,2023-01-27 22:21:00
1701,1852,1,Pedido errado.,2023-03-12 18:10:00
1702,19290,5,Excelente serviço.,2023-12-10 00:09:00
1703,11377,4,Recomendo!,2023-04-26 00:30:00
1704,18718,4,Recomendo!,2023-04-12 11:53:00
1705,18752,1,Comida fria.,2023-05-23 12:03:00
1706,4164,4,Comida deliciosa.,2023-11-07 01:34:00
1707,4808,5,Recomendo!,2023-03-30 22:18:00
1708,9296,3,Não gostei.,2023-05-30 01:12:00
1709,9177,4,Excelente serviço.,2023-10-24 02:18:00
1710,4852,5,Chegou rápido.,2023-02-12 02:34:00
1711,12897,5,Comida deliciosa.,2023-09-21 14:58:00
1712,19502,5,Muito bom!,2023-12-05 17:46:00
1713,15589,1,Pode melhorar.,2023-10-27 17:42:00
1714,19533,3,Pedido errado.,2023-12-05 20:33:00
1715,803,4,Recomendo!,2023-09-03 12:32:00
1716,797,5,Muito bom!,2023-07-15 20:23:00
1717,7467,1,Comida fria.,2023-07-15 02:51:00
1718,2107,5,Recomendo!,2023-08-25 01:36:00
1719,15570,4,Chegou rápido.,2023-09-06 16:56:00
1720,11817,3,Pode melhorar.,2023-08-04 09:23:00
1721,15055,3,Comida fria.,2023-10-25 04:21:00
1722,15403,5,Recomendo!,2023-03-16 02:18:00
1723,11235,5,Excelente serviço.,2023-05-29 02:11:00
1724,17266,5,Chegou rápido.,2023-12-11 21:13:00
1725,16856,5,Chegou rápido.,2023-10-27 06:47:00
1726,8584,4,Muito bom!,2023-08-31 08:18:00
1727,17009,5,Muito bom!,2023-12-02 04:00:00
1728,6173,3,Pedido errado.,2023-07-05 07:28:00
1729,14650,4,Recomendo!,2023-07-01 05:11:00
1730,2973,5,Muito bom!,2023-03-18 19:26:00
1731,14225,4,Muito bom!,2023-11-08 15:05:00
1732,7406,5,Muito bom!,2023-12-28 18:07:00
1733,13585,2,Demorou muito.,2023-11-21 01:02:00
1734,7820,5,Recomendo!,2023-08-10 12:22:00
1735,9280,5,Muito bom!,2023-10-28 03:30:00
1736,10092,4,Chegou rápido.,2023-07-17 07:19:00
1737,11799,3,Demorou muito.,2023-09-01 20:14:00
1738,6798,4,Comida deliciosa.,2023-09-20 05:51:00
1739,17494,4,Chegou rápido.,2023-12-27 13:20:00
1740,4527,2,Pode melhorar.,2023-08-28 04:55:00
1741,18848,5,Chegou rápido.,2023-10-02 04:42:00
1742,4162,5,Muito bom!,2023-10-12 14:47:00
1743,11855,4,Excelente serviço.,2023-07-04 02:49:00
1744,5771,5,Chegou rápido.,2023-01-29 23:20:00
1745,18595,5,Chegou rápido.,2023-07-17 22:33:00
1746,5041,5,Recomendo!,2023-09-14 05:31:00
1747,3524,5,Muito bom!,2023-02-09 09:38:00
1748,18743,5,Chegou rápido.,2023-10-12 03:01:00
1749,19244,4,Comida deliciosa.,2023-08-09 20:54:00
1750,13367,5,Recomendo!,2023-07-20 09:15:00
1751,5157,5,Comida deliciosa.,2023-11-20 13:22:00
1752,5232,4,Recomendo!,2023-02-09 10:35:00
1753,5055,5,Excelente serviço.,2023-12-11 04:50:00
1754,8648,5,Excelente serviço.,2023-09-09 01:28:00
1755,10943,3,Comida fria.,2023-11-02 15:38:00
1756,15365,5,Chegou rápido.,2023-04-04 19:32:00
1757,4036,2,Não gostei.,2023-08-26 19:14:00
1758,7599,5,Chegou rápido.,2023-04-26 12:52:00
1759,10194,4,Recomendo!,2023-02-27 02:53:00
1760,12896,3,Comida fria.,2023-11-05 18:33:00
1761,7893,4,Comida deliciosa.,2023-06-15 19:19:00
1762,2782,2,Comida fria.,2023-07-03 15:46:00
1763,18672,4,Chegou rápido.,2023-01-06 00:44:00
1764,19033,4,Excelente serviço.,2023-01-30 18:43:00
1765,10445,4,Muito bom!,2023-07-03 10:20:00
1766,114,2,Comida fria.,2023-11-20 06:16:00
1767,6378,5,Excelente serviço.,2023-03-05 19:16:00
1768,7654,5,Chegou rápido.,2023-07-09 17:56:00
1769,12305,4,Recomendo!,2023-12-29 14:52:00
1770,3287,4,Muito bom!,2023-04-01 18:00:00
1771,6525,4,Comida deliciosa.,2023-12-27 02:58:00
1772,3855,5,Muito bom!,2023-06-14 07:38:00
1773,15006,3,Não gostei.,2023-10-30 08:59:00
1774,13669,4,Muito bom!,2023-01-14 06:59:00
1775,4031,4,Excelente serviço.,2023-10-20 21:30:00
1776,1902,5,Excelente serviço.,2023-10-15 05:41:00
1777,16585,5,Comida deliciosa.,2023-02-03 18:32:00
1778,12918,5,Chegou rápido.,2023-08-01 10:36:00
1779,3467,5,Muito bom!,2023-03-27 14:38:00
1780,1162,5,Chegou rápido.,2023-07-03 09:10:00
1781,13782,5,Muito bom!,2023-09-28 22:28:00
1782,15161,3,Demorou muito.,2023-12-19 08:27:00
1783,4076,5,Muito bom!,2023-08-29 18:13:00
1784,6427,5,Excelente serviço.,2023-08-15 14:46:00
1785,19408,4,Muito bom!,2023-02-24 03:15:00
1786,5817,5,Muito bom!,2023-10-29 17:31:00
1787,1845,1,Comida fria.,2023-06-27 09:11:00
1788,19407,5,Chegou rápido.,2023-03-01 01:23:00
1789,3053,5,Muito bom!,2023-12-02 20:20:00
1790,7341,4,Muito bom!,2023-09-25 14:30:00
1791,19213,4,Muito bom!,2023-08-31 13:25:00
1792,4803,4,Chegou rápido.,2023-06-28 03:01:00
1793,2064,4,Comida deliciosa.,2023-06-22 10:15:00
1794,15943,4,Chegou rápido.,2023-12-31 00:19:00
1795,19801,1,Pode melhorar.,2023-08-24 03:34:00
1796,15045,4,Excelente serviço.,2023-12-23 10:28:00
1797,19018,5,Recomendo!,2023-07-28 00:03:00
1798,184,5,Muito bom!,2023-08-16 09:44:00
1799,1394,4,Chegou rápido.,2023-08-06 00:08:00
1800,17819,4,Muito bom!,2023-01-24 15:20:00
1801,9691,4,Excelente serviço.,2023-04-17 20:05:00
1802,4631,5,Excelente serviço.,2023-12-06 04:43:00
1803,8083,5,Chegou rápido.,2023-09-23 22:26:00
1804,4506,5,Muito bom!,2023-12-25 21:04:00
1805,5908,4,Muito bom!,2023-04-19 12:56:00
1806,335,4,Muito bom!,2023-10-20 08:39:00
1807,73,4,Excelente serviço.,2023-07-23 16:08:00
1808,7587,5,Comida deliciosa.,2023-04-04 22:36:00
1809,6181,2,Comida fria.,2023-01-22 20:20:00
1810,18900,5,Muito bom!,2023-01-21 23:20:00
1811,13727,5,Recomendo!,2023-08-03 16:56:00
1812,13571,4,Muito bom!,2023-09-09 20:14:00
1813,3853,4,Chegou rápido.,2023-02-09 23:27:00
1814,14939,2,Não gostei.,2023-10-29 22:24:00
1815,12615,4,Chegou rápido.,2023-03-30 19:01:00
1816,5069,5,Chegou rápido.,2023-10-11 10:43:00
1817,8403,4,Comida deliciosa.,2023-12-02 05:42:00
1818,3701,5,Comida deliciosa.,2023-10-27 03:54:00
1819,11645,4,Chegou rápido.,2023-07-12 15:28:00
1820,17850,5,Recomendo!,2023-03-31 22:11:00
1821,16474,5,Muito bom!,2023-06-20 00:51:00
1822,1094,4,Excelente serviço.,2023-06-07 08:05:00
1823,1822,4,Chegou rápido.,2023-10-05 02:46:00
1824,11494,5,Muito bom!,2023-06-11 20:05:00
1825,17486,4,Excelente serviço.,2023-07-02 23:33:00
1826,14639,5,Recomendo!,2023-02-23 14:47:00
1827,11018,5,Chegou rápido.,2023-06-29 07:51:00
1828,3464,4,Comida deliciosa.,2023-05-12 03:43:00
1829,19453,5,Excelente serviço.,2023-05-12 03:36:00
1830,700,5,Chegou rápido.,2023-08-24 17:10:00
1831,435,5,Excelente serviço.,2023-03-07 16:33:00
1832,13193,5,Excelente serviço.,2023-12-21 18:32:00
1833,17250,4,Chegou rápido.,2023-09-10 01:07:00
1834,6183,5,Recomendo!,2023-04-18 01:57:00
1835,16551,5,Muito bom!,2023-12-25 18:21:00
1836,18702,3,Demorou muito.,2023-02-01 10:18:00
1837,16707,5,Muito bom!,2023-12-26 20:09:00
1838,4734,5,Chegou rápido.,2023-04-10 03:09:00
1839,17108,4,Chegou rápido.,2023-07-11 10:29:00
1840,16777,5,Chegou rápido.,2023-01-09 12:46:00
1841,15086,5,Excelente serviço.,2023-03-23 00:34:00
1842,5601,5,Chegou rápido.,2023-07-13 09:07:00
1843,18183,5,Chegou rápido.,2023-11-02 11:04:00
1844,5576,4,Comida deliciosa.,2023-01-18 04:23:00
1845,17527,4,Excelente serviço.,2023-06-07 18:57:00
1846,16064,3,Não gostei.,2023-03-25 20:59:00
1847,15573,4,Excelente serviço.,2023-02-04 11:14:00
1848,15083,4,Recomendo!,2023-01-14 04:29:00
1849,17667,5,Chegou rápido.,2023-04-02 01:27:00
1850,5781,5,Chegou rápido.,2023-08-10 23:06:00
1851,9099,5,Excelente serviço.,2023-02-09 17:13:00
1852,17212,5,Excelente serviço.,2023-11-13 12:27:00
1853,1178,3,Não gostei.,2023-08-26 00:40:00
1854,6362,4,Excelente serviço.,2023-12-04 06:38:00
1855,2417,5,Recomendo!,2023-05-22 02:39:00
1856,16349,4,Chegou rápido.,2023-05-18 15:18:00
1857,19599,4,Recomendo!,2023-01-29 00:31:00
1858,8734,5,Recomendo!,2023-11-07 01:31:00
1859,7088,5,Chegou rápido.,2023-07-11 02:22:00
1860,7249,4,Recomendo!,2023-02-28 08:24:00
1861,825,5,Chegou rápido.,2023-05-31 10:52:00
1862,14356,5,Muito bom!,2023-02-13 15:46:00
1863,17392,5,Muito bom!,2023-11-30 20:39:00
1864,11229,5,Muito bom!,2023-09-13 05:29:00
1865,1657,5,Muito bom!,2023-10-05 08:51:00
1866,10063,4,Recomendo!,2024-01-01 11:57:00
1867,14363,5,Muito bom!,2023-11-14 10:49:00
1868,120,5,Muito bom!,2023-11-24 04:50:00
1869,14829,5,Recomendo!,2023-05-10 16:42:00
1870,14229,5,Muito bom!,2023-11-16 17:11:00
1871,736,4,Recomendo!,2023-09-03 01:07:00
1872,131,4,Comida deliciosa.,2023-05-17 17:33:00
1873,5277,5,Excelente serviço.,2023-02-16 02:01:00
1874,13309,1,Pedido errado.,2023-03-21 05:06:00
1875,5344,4,Chegou rápido.,2023-07-20 13:21:00
1876,10741,5,Excelente serviço.,2023-08-08 22:11:00
1877,16596,4,Chegou rápido.,2023-09-16 15:59:00
1878,15003,5,Excelente serviço.,2023-06-07 21:13:00
1879,7772,5,Muito bom!,2023-04-22 18:17:00
1880,19947,4,Chegou rápido.,2023-10-27 13:49:00
1881,9470,4,Comida deliciosa.,2023-01-09 12:15:00
1882,4101,5,Recomendo!,2023-07-03 09:11:00
1883,13503,4,Recomendo!,2023-07-29 12:09:00
1884,2937,2,Pedido errado.,2023-05-12 01:37:00
1885,16595,5,Recomendo!,2023-01-24 18:49:00
1886,19549,5,Excelente serviço.,2023-08-07 21:56:00
1887,5625,5,Muito bom!,2023-11-24 20:59:00
1888,1318,5,Comida deliciosa.,2023-09-03 09:26:00
1889,2135,5,Muito bom!,2023-01-14 20:09:00
1890,16332,3,Demorou muito.,2023-12-19 04:20:00
1891,18472,5,Chegou rápido.,2023-03-28 05:20:00
1892,16342,4,Chegou rápido.,2023-05-25 12:12:00
1893,14710,5,Chegou rápido.,2023-04-04 21:08:00
1894,2191,5,Muito bom!,2023-05-01 05:06:00
1895,12935,5,Comida deliciosa.,2023-08-05 03:01:00
1896,10227,4,Excelente serviço.,2023-10-15 07:35:00
1897,19451,5,Chegou rápido.,2023-10-08 05:27:00
1898,15887,5,Muito bom!,2023-12-30 23:35:00
1899,15631,4,Recomendo!,2023-01-24 08:24:00
1900,7133,5,Muito bom!,2023-07-21 22:46:00
1901,9527,5,Chegou rápido.,2023-05-29 19:16:00
1902,340,3,Comida fria.,2023-11-07 05:22:00
1903,6228,4,Muito bom!,2023-10-23 13:44:00
1904,4188,4,Comida deliciosa.,2023-09-04 18:40:00
1905,3351,5,Comida deliciosa.,2023-05-07 19:08:00
1906,15193,3,Pedido errado.,2023-09-19 21:36:00
1907,16921,4,Muito bom!,2023-11-14 20:27:00
1908,13427,5,Excelente serviço.,2023-10-28 02:48:00
1909,3978,4,Excelente serviço.,2023-05-02 07:34:00
1910,18032,5,Muito bom!,2023-03-25 03:54:00
1911,431,4,Comida deliciosa.,2023-01-28 00:44:00
1912,10276,4,Comida deliciosa.,2023-02-02 13:38:00
1913,6982,3,Não gostei.,2023-11-01 20:49:00
1914,3332,4,Comida deliciosa.,2023-06-14 16:47:00
1915,13029,5,Comida deliciosa.,2023-04-25 07:34:00
1916,5809,5,Chegou rápido.,2023-07-08 06:24:00
1917,15673,5,Muito bom!,2023-03-09 05:15:00
1918,12793,2,Não gostei.,2023-08-26 08:15:00
1919,4762,1,Pedido errado.,2023-09-07 07:15:00
1920,16586,5,Recomendo!,2023-01-02 07:18:00
1921,5862,5,Comida deliciosa.,2023-10-11 21:27:00
1922,11754,4,Chegou rápido.,2023-04-12 17:04:00
1923,16253,5,Muito bom!,2023-01-14 05:18:00
1924,15665,1,Demorou muito.,2023-11-12 19:15:00
1925,16929,5,Chegou rápido.,2023-04-28 09:25:00
1926,10924,5,Muito bom!,2023-10-14 11:00:00
1927,9960,5,Comida deliciosa.,2023-02-14 05:28:00
1928,10367,4,Comida deliciosa.,2023-07-29 21:15:00
1929,3059,5,Comida deliciosa.,2023-05-16 05:02:00
1930,869,5,Muito bom!,2023-08-16 20:23:00
1931,15455,4,Comida deliciosa.,2023-02-23 01:18:00
1932,10451,4,Chegou rápido.,2023-08-08 21:14:00
1933,4666,5,Comida deliciosa.,2023-11-24 05:09:00
1934,6915,5,Recomendo!,2023-12-31 05:12:00
1935,19546,3,Pedido errado.,2023-11-26 09:42:00
1936,3429,5,Muito bom!,2023-05-10 16:38:00
1937,7803,4,Chegou rápido.,2023-06-23 11:01:00
1938,1729,3,Demorou muito.,2023-10-10 10:12:00
1939,16743,4,Recomendo!,2023-07-05 06:27:00
1940,7898,3,Pedido errado.,2023-07-29 15:38:00
1941,4828,4,Muito bom!,2023-09-18 07:25:00
1942,10222,4,Muito bom!,2023-01-16 12:45:00
1943,9980,3,Demorou muito.,2023-11-18 05:25:00
1944,17883,4,Excelente serviço.,2023-12-26 01:36:00
1945,19745,5,Recomendo!,2023-08-19 18:36:00
1946,9704,5,Recomendo!,2023-03-04 11:30:00
1947,815,5,Comida deliciosa.,2023-10-20 11:18:00
1948,15022,3,Pode melhorar.,2023-02-04 21:41:00
1949,6560,2,Demorou muito.,2023-03-08 09:22:00
1950,17830,4,Excelente serviço.,2023-02-24 07:56:00
1951,4286,2,Pode melhorar.,2023-01-30 12:39:00
1952,14828,5,Excelente serviço.,2023-04-11 11:36:00
1953,5773,5,Muito bom!,2023-02-10 09:34:00
1954,5354,2,Pode melhorar.,2023-08-17 09:11:00
1955,19493,2,Pode melhorar.,2023-06-19 19:13:00
1956,17860,3,Demorou muito.,2023-03-28 00:06:00
1957,14649,3,Pode melhorar.,2023-09-28 05:30:00
1958,6002,5,Muito bom!,2023-06-09 19:18:00
1959,12133,5,Excelente serviço.,2023-03-28 04:26:00
1960,5034,5,Excelente serviço.,2023-11-19 04:46:00
1961,16351,5,Comida deliciosa.,2023-06-27 04:15:00
1962,6703,5,Chegou rápido.,2023-01-09 17:10:00
1963,1473,5,Muito bom!,2023-10-05 10:05:00
1964,2194,5,Recomendo!,2023-01-16 12:41:00
1965,10568,4,Chegou rápido.,2023-12-30 23:47:00
1966,18255,5,Excelente serviço.,2023-10-10 18:13:00
1967,2883,4,Comida deliciosa.,2023-12-15 07:34:00
1968,9860,5,Comida deliciosa.,2023-08-31 18:12:00
1969,9956,5,Recomendo!,2023-01-21 18:59:00
1970,5487,2,Pode melhorar.,2023-08-04 12:53:00
1971,12523,5,Excelente serviço.,2023-08-21 23:28:00
1972,3913,5,Comida deliciosa.,2023-09-11 15:24:00
1973,783,5,Chegou rápido.,2023-06-26 07:17:00
1974,13067,5,Chegou rápido.,2023-09-20 10:48:00
1975,12429,5,Comida deliciosa.,2023-01-04 08:53:00
1976,2242,5,Chegou rápido.,2023-10-16 06:17:00
1977,10369,5,Excelente serviço.,2023-06-01 21:05:00
1978,9122,5,Excelente serviço.,2023-06-27 20:38:00
1979,8047,5,Comida deliciosa.,2023-05-30 01:01:00
1980,11426,4,Recomendo!,2023-12-05 09:35:00
1981,12296,3,Não gostei.,2023-12-21 16:41:00
1982,19726,4,Chegou rápido.,2023-10-18 13:35:00
1983,17220,5,Excelente serviço.,2023-08-31 07:19:00
1984,15249,5,Excelente serviço.,2023-01-02 17:14:00
1985,9067,3,Não gostei.,2023-12-11 07:46:00
1986,13191,1,Pode melhorar.,2023-03-07 23:30:00
1987,2190,3,Demorou muito.,2023-04-01 07:43:00
1988,208,4,Comida deliciosa.,2023-08-13 08:40:00
1989,18683,5,Excelente serviço.,2023-08-03 21:29:00
1990,10279,5,Muito bom!,2023-11-11 17:59:00
1991,490,4,Recomendo!,2023-07-12 00:57:00
1992,16776,4,Muito bom!,2023-08-11 15:55:00
1993,12772,5,Excelente serviço.,2023-11-18 13:19:00
1994,2076,5,Muito bom!,2023-11-09 19:12:00
1995,2295,5,Muito bom!,2023-03-10 08:27:00
1996,3297,3,Não gostei.,2023-04-27 03:05:00
1997,11638,5,Comida deliciosa.,2023-06-11 07:03:00
1998,7948,3,Demorou muito.,2023-08-26 22:46:00
1999,14746,1,Não gostei.,2023-07-10 00:36:00
2000,534,4,Muito bom!,2023-05-10 20:54:00
2001,19497,5,Muito bom!,2023-08-04 11:43:00
2002,10268,5,Chegou rápido.,2023-07-01 00:27:00
2003,4308,4,Chegou rápido.,2023-09-07 07:32:00
2004,10723,4,Comida deliciosa.,2023-08-09 16:45:00
2005,10147,4,Chegou rápido.,2023-02-12 23:39:00
2006,9888,4,Comida deliciosa.,2023-12-10 07:32:00
2007,5272,4,Comida deliciosa.,2023-03-13 13:55:00
2008,5856,5,Comida deliciosa.,2023-05-27 16:51:00
2009,7741,2,Demorou muito.,2023-01-24 20:31:00
2010,8126,5,Recomendo!,2023-01-19 21:58:00
2011,9415,5,Muito bom!,2023-02-06 09:32:00
2012,9847,5,Chegou rápido.,2023-07-18 17:11:00
2013,4805,4,Recomendo!,2023-09-18 02:51:00
2014,18677,5,Excelente serviço.,2023-08-08 14:28:00
2015,2670,5,Excelente serviço.,2023-01-26 05:58:00
2016,5886,4,Recomendo!,2023-10-16 15:11:00
2017,7182,5,Recomendo!,2023-07-12 06:56:00
2018,15504,5,Comida deliciosa.,2023-01-04 00:01:00
2019,9051,4,Muito bom!,2023-02-22 00:19:00
2020,6458,3,Não gostei.,2023-12-25 22:05:00
2021,14298,5,Chegou rápido.,2023-02-22 06:45:00
2022,19615,4,Muito bom!,2023-04-10 05:32:00
2023,10190,4,Comida deliciosa.,2023-09-17 04:02:00
2024,5490,5,Chegou rápido.,2023-08-31 23:50:00
2025,11941,4,Chegou rápido.,2023-05-22 02:50:00
2026,1602,5,Muito bom!,2023-09-06 13:45:00
2027,17021,4,Excelente serviço.,2023-01-31 10:01:00
2028,9970,4,Muito bom!,2023-06-03 04:30:00
2029,10621,1,Não gostei.,2023-05-05 16:38:00
2030,1155,4,Comida deliciosa.,2023-07-16 08:46:00
2031,17620,4,Muito bom!,2023-03-30 07:45:00
2032,3693,5,Excelente serviço.,2023-05-17 08:09:00
2033,5557,4,Excelente serviço.,2023-05-26 12:13:00
2034,6483,5,Excelente serviço.,2023-09-14 06:09:00
2035,1207,4,Recomendo!,2023-06-11 21:26:00
2036,6782,5,Chegou rápido.,2023-05-06 19:07:00
2037,11167,4,Excelente serviço.,2023-05-11 21:55:00
2038,3516,3,Pode melhorar.,2023-04-22 23:10:00
2039,15272,4,Comida deliciosa.,2023-12-11 17:27:00
2040,17928,5,Excelente serviço.,2023-09-03 18:06:00
2041,1440,4,Excelente serviço.,2023-10-19 07:55:00
2042,136,5,Chegou rápido.,2023-01-09 12:09:00
2043,8874,2,Pedido errado.,2023-11-02 02:16:00
2044,6574,5,Chegou rápido.,2023-01-09 01:58:00
2045,14500,5,Excelente serviço.,2023-06-01 22:28:00
2046,8444,5,Muito bom!,2023-12-13 05:31:00
2047,8517,1,Demorou muito.,2023-10-25 05:16:00
2048,13806,4,Chegou rápido.,2023-08-11 09:21:00
2049,16495,5,Muito bom!,2023-01-08 03:24:00
2050,14048,5,Chegou rápido.,2023-09-13 20:49:00
2051,16680,3,Pedido errado.,2023-10-08 06:03:00
2052,399,5,Chegou rápido.,2023-02-02 23:47:00
2053,18928,4,Excelente serviço.,2023-04-05 04:40:00
2054,2159,4,Chegou rápido.,2023-10-15 07:15:00
2055,7000,5,Recomendo!,2023-06-11 10:48:00
2056,8803,5,Recomendo!,2023-01-16 16:17:00
2057,1277,4,Comida deliciosa.,2023-10-27 02:30:00
2058,9071,4,Recomendo!,2023-10-16 07:13:00
2059,16206,5,Chegou rápido.,2023-08-17 10:36:00
2060,3235,5,Comida deliciosa.,2023-09-15 16:22:00
2061,9703,5,Muito bom!,2023-11-02 20:51:00
2062,15337,3,Pedido errado.,2023-06-09 20:02:00
2063,17417,5,Recomendo!,2023-04-05 19:18:00
2064,2637,3,Pode melhorar.,2023-01-22 11:15:00
2065,1214,5,Comida deliciosa.,2023-07-30 02:01:00
2066,1484,4,Recomendo!,2023-03-02 16:17:00
2067,10927,2,Pedido errado.,2023-10-10 13:56:00
2068,12314,4,Comida deliciosa.,2023-01-23 17:35:00
2069,15137,5,Comida deliciosa.,2023-12-09 10:04:00
2070,16490,5,Comida deliciosa.,2023-07-17 08:51:00
2071,1407,5,Chegou rápido.,2023-11-09 06:53:00
2072,4934,4,Muito bom!,2023-07-31 18:58:00
2073,6757,5,Recomendo!,2023-04-30 14:48:00
2074,19511,5,Chegou rápido.,2023-06-19 17:38:00
2075,12533,1,Não gostei.,2023-09-08 14:14:00
2076,16385,4,Recomendo!,2023-01-21 12:30:00
2077,433,5,Recomendo!,2023-04-19 16:43:00
2078,12210,5,Excelente serviço.,2023-04-12 02:37:00
2079,10465,5,Muito bom!,2023-05-09 01:01:00
2080,10182,5,Excelente serviço.,2023-08-26 23:40:00
2081,17019,4,Recomendo!,2023-04-26 14:06:00
2082,19137,1,Comida fria.,2023-07-08 18:00:00
2083,16575,5,Muito bom!,2023-10-03 03:21:00
2084,18788,2,Não gostei.,2023-01-22 00:54:00
2085,7241,5,Muito bom!,2023-11-19 10:59:00
2086,12991,5,Muito bom!,2023-12-14 14:51:00
2087,9595,4,Muito bom!,2023-10-05 14:43:00
2088,2562,5,Chegou rápido.,2023-01-05 03:42:00
2089,16205,5,Recomendo!,2023-07-11 18:51:00
2090,13269,4,Excelente serviço.,2023-08-20 16:47:00
2091,15983,5,Chegou rápido.,2023-02-09 10:14:00
2092,3523,3,Pedido errado.,2023-09-23 23:53:00
2093,9490,4,Comida deliciosa.,2023-05-15 05:37:00
2094,14586,3,Pode melhorar.,2023-09-18 20:46:00
2095,3148,4,Chegou rápido.,2023-11-07 17:46:00
2096,11929,2,Não gostei.,2023-11-22 14:08:00
2097,4996,4,Recomendo!,2023-06-17 00:08:00
2098,3238,4,Muito bom!,2023-11-24 20:52:00
2099,2514,5,Chegou rápido.,2023-02-19 20:44:00
2100,18723,5,Comida deliciosa.,2023-11-03 07:28:00
2101,1302,4,Chegou rápido.,2023-03-26 22:20:00
2102,19147,4,Recomendo!,2023-10-17 23:30:00
2103,1780,5,Comida deliciosa.,2023-07-03 02:01:00
2104,10674,5,Muito bom!,2023-05-19 18:08:00
2105,15658,5,Recomendo!,2023-02-09 12:22:00
2106,2503,5,Recomendo!,2023-06-13 09:14:00
2107,3360,4,Chegou rápido.,2023-06-12 22:40:00
2108,17551,4,Comida deliciosa.,2023-12-18 19:26:00
2109,3063,4,Recomendo!,2023-05-19 08:35:00
2110,9077,4,Comida deliciosa.,2023-04-02 07:04:00
2111,13385,5,Recomendo!,2023-07-24 21:39:00
2112,430,5,Chegou rápido.,2023-02-27 00:51:00
2113,11894,3,Não gostei.,2023-03-31 06:20:00
2114,5674,5,Comida deliciosa.,2023-05-18 07:51:00
2115,15936,5,Excelente serviço.,2023-09-30 13:43:00
2116,10594,5,Muito bom!,2023-01-27 16:17:00
2117,3908,4,Muito bom!,2023-03-22 02:18:00
2118,13966,5,Comida deliciosa.,2023-04-10 21:14:00
2119,19526,4,Comida deliciosa.,2023-12-29 22:01:00
2120,4496,5,Chegou rápido.,2023-04-05 03:27:00
2121,4163,5,Muito bom!,2023-08-03 03:51:00
2122,19937,4,Chegou rápido.,2023-05-09 15:02:00
2123,13147,5,Comida deliciosa.,2023-12-05 22:10:00
2124,6178,5,Recomendo!,2023-04-06 22:34:00
2125,17675,4,Recomendo!,2023-10-21 23:54:00
2126,3069,5,Muito bom!,2023-09-24 08:27:00
2127,10729,2,Comida fria.,2023-01-18 09:10:00
2128,1137,5,Comida deliciosa.,2023-02-14 05:48:00
2129,3738,5,Muito bom!,2023-03-10 16:41:00
2130,6506,5,Comida deliciosa.,2023-07-04 02:28:00
2131,17444,5,Recomendo!,2023-05-13 01:48:00
2132,9341,4,Excelente serviço.,2023-04-02 10:00:00
2133,24,5,Excelente serviço.,2023-01-27 07:40:00
2134,13811,4,Muito bom!,2023-02-26 22:37:00
2135,15377,5,Recomendo!,2023-08-07 19:55:00
2136,12920,5,Recomendo!,2023-05-26 03:28:00
2137,6405,5,Comida deliciosa.,2023-04-08 18:16:00
2138,4408,1,Não gostei.,2023-10-08 01:38:00
2139,10130,5,Muito bom!,2023-11-10 10:08:00
2140,9571,5,Recomendo!,2023-07-23 12:27:00
2141,4612,4,Muito bom!,2023-10-21 05:02:00
2142,15053,5,Recomendo!,2023-11-22 18:08:00
2143,10806,4,Chegou rápido.,2023-08-02 15:09:00
2144,2244,5,Chegou rápido.,2023-08-17 06:43:00
2145,19186,5,Muito bom!,2023-09-20 17:10:00
2146,2133,5,Chegou rápido.,2023-11-06 08:49:00
2147,17001,3,Pode melhorar.,2023-07-28 18:58:00
2148,2312,5,Comida deliciosa.,2023-04-07 12:00:00
2149,5990,5,Recomendo!,2023-04-18 03:11:00
2150,14434,5,Excelente serviço.,2023-08-10 04:22:00
2151,11907,4,Comida deliciosa.,2023-12-20 16:19:00
2152,3731,5,Comida deliciosa.,2023-10-20 06:51:00
2153,1026,3,Pedido errado.,2023-03-15 21:18:00
2154,12256,4,Muito bom!,2023-08-05 19:59:00
2155,8578,5,Excelente serviço.,2023-04-18 13:50:00
2156,14369,1,Comida fria.,2023-10-23 14:55:00
2157,3414,5,Chegou rápido.,2023-01-04 14:34:00
2158,15106,4,Chegou rápido.,2023-11-11 12:59:00
2159,19099,2,Comida fria.,2023-06-13 00:24:00
2160,81,4,Comida deliciosa.,2023-06-19 19:02:00
2161,3318,5,Muito bom!,2023-05-21 01:53:00
2162,5006,5,Excelente serviço.,2023-09-19 08:38:00
2163,4057,4,Recomendo!,2023-07-12 03:35:00
2164,8100,5,Recomendo!,2023-02-10 19:54:00
2165,7565,4,Chegou rápido.,2023-03-24 14:49:00
2166,4536,3,Não gostei.,2023-05-07 18:50:00
2167,7999,5,Recomendo!,2023-02-07 22:15:00
2168,8981,1,Comida fria.,2023-05-20 05:26:00
2169,3089,4,Muito bom!,2023-08-04 05:10:00
2170,5850,3,Comida fria.,2023-05-01 03:09:00
2171,4298,5,Recomendo!,2023-07-07 09:22:00
2172,2910,5,Excelente serviço.,2023-04-03 08:29:00
2173,12556,2,Pedido errado.,2023-11-05 12:53:00
2174,15398,5,Comida deliciosa.,2023-02-12 06:17:00
2175,4927,1,Demorou muito.,2023-04-09 04:20:00
2176,19578,4,Comida deliciosa.,2023-02-08 19:26:00
2177,16331,5,Muito bom!,2023-01-18 12:16:00
2178,3709,4,Chegou rápido.,2023-05-13 14:19:00
2179,13773,3,Não gostei.,2023-12-25 02:01:00
2180,10480,4,Muito bom!,2023-12-07 01:01:00
2181,4136,5,Chegou rápido.,2023-06-10 16:10:00
2182,10972,5,Recomendo!,2023-01-13 10:58:00
2183,12261,4,Muito bom!,2023-02-23 12:30:00
2184,18298,1,Pode melhorar.,2023-02-04 05:30:00
2185,9105,3,Pode melhorar.,2023-12-13 13:11:00
2186,4030,4,Comida deliciosa.,2023-07-13 15:33:00
2187,18894,3,Pedido errado.,2023-06-06 09:59:00
2188,2498,5,Muito bom!,2023-01-04 22:41:00
2189,8486,5,Recomendo!,2023-03-14 19:11:00
2190,9482,5,Chegou rápido.,2023-07-17 04:53:00
2191,14886,4,Muito bom!,2023-02-15 00:11:00
2192,11864,3,Pedido errado.,2023-11-25 02:59:00
2193,2858,4,Comida deliciosa.,2023-04-03 03:47:00
2194,1988,5,Recomendo!,2023-12-23 16:52:00
2195,18384,3,Comida fria.,2023-10-19 20:05:00
2196,15509,5,Comida deliciosa.,2023-12-08 08:25:00
2197,15647,5,Chegou rápido.,2023-06-26 04:29:00
2198,18405,5,Muito bom!,2023-06-17 04:21:00
2199,2072,3,Não gostei.,2023-03-08 01:44:00
2200,10174,4,Muito bom!,2023-06-02 04:46:00
2201,2701,4,Comida deliciosa.,2023-03-26 19:37:00
2202,10335,5,Recomendo!,2023-05-26 07:16:00
2203,14510,5,Chegou rápido.,2023-12-07 21:17:00
2204,18855,4,Chegou rápido.,2023-06-18 03:46:00
2205,18069,5,Chegou rápido.,2023-01-17 23:07:00
2206,12248,5,Recomendo!,2023-05-18 19:05:00
2207,16988,5,Muito bom!,2023-02-09 15:57:00
2208,18630,4,Recomendo!,2023-07-06 22:45:00
2209,12937,5,Chegou rápido.,2023-02-19 11:31:00
2210,2439,5,Recomendo!,2023-05-20 08:49:00
2211,18629,4,Muito bom!,2023-04-20 18:58:00
2212,11637,5,Comida deliciosa.,2023-02-06 18:35:00
2213,12130,3,Demorou muito.,2023-07-31 13:49:00
2214,16898,4,Chegou rápido.,2023-12-18 19:39:00
2215,7411,5,Chegou rápido.,2023-06-12 20:55:00
2216,16906,4,Recomendo!,2023-06-28 13:42:00
2217,2034,5,Comida deliciosa.,2023-06-25 16:15:00
2218,16977,4,Comida deliciosa.,2023-06-05 21:22:00
2219,15836,4,Comida deliciosa.,2023-08-30 00:42:00
2220,9409,4,Recomendo!,2023-05-16 14:29:00
2221,3535,4,Comida deliciosa.,2023-01-31 03:40:00
2222,9682,1,Pedido errado.,2023-08-22 11:55:00
2223,10437,5,Excelente serviço.,2023-05-25 13:53:00
2224,4210,5,Excelente serviço.,2023-11-03 06:18:00
2225,15401,1,Pedido errado.,2023-05-17 21:38:00
2226,10118,5,Excelente serviço.,2023-08-17 23:33:00
2227,7122,1,Não gostei.,2023-08-13 14:18:00
2228,15447,4,Recomendo!,2023-08-24 11:34:00
2229,11617,5,Comida deliciosa.,2023-10-22 21:23:00
2230,7089,4,Recomendo!,2023-11-12 08:20:00
2231,5966,5,Excelente serviço.,2023-05-19 02:18:00
2232,11146,4,Recomendo!,2023-06-02 20:17:00
2233,11939,2,Pode melhorar.,2023-07-28 03:20:00
2234,6140,5,Recomendo!,2023-05-10 07:49:00
2235,14458,4,Chegou rápido.,2023-03-01 01:27:00
2236,19892,4,Muito bom!,2023-10-20 07:42:00
2237,15815,4,Excelente serviço.,2023-07-08 12:01:00
2238,19614,5,Excelente serviço.,2023-05-04 04:22:00
2239,13766,3,Demorou muito.,2023-05-15 05:54:00
2240,15564,5,Excelente serviço.,2023-03-12 16:32:00
2241,11593,5,Muito bom!,2023-12-15 04:02:00
2242,17546,5,Chegou rápido.,2023-03-12 12:10:00
2243,4988,5,Recomendo!,2023-01-24 03:36:00
2244,15553,4,Excelente serviço.,2023-03-27 20:58:00
2245,19400,4,Muito bom!,2023-04-30 10:35:00
2246,13733,5,Comida deliciosa.,2023-01-30 16:41:00
2247,4924,5,Excelente serviço.,2023-08-26 19:00:00
2248,4295,5,Excelente serviço.,2023-02-18 17:32:00
2249,12528,5,Recomendo!,2023-02-21 06:57:00
2250,4406,5,Muito bom!,2023-05-19 20:12:00
2251,15051,5,Excelente serviço.,2023-06-28 14:11:00
2252,19432,4,Recomendo!,2023-12-12 01:16:00
2253,12180,5,Comida deliciosa.,2023-07-05 06:17:00
2254,1807,5,Chegou rápido.,2023-03-02 20:27:00
2255,7301,4,Recomendo!,2023-07-24 14:22:00
2256,18019,5,Excelente serviço.,2023-10-13 02:42:00
2257,19977,5,Comida deliciosa.,2023-09-10 03:01:00
2258,18353,2,Comida fria.,2023-07-06 04:09:00
2259,3498,4,Recomendo!,2023-07-16 22:11:00
2260,1103,3,Não gostei.,2023-01-22 16:45:00
2261,15851,4,Excelente serviço.,2023-07-20 13:47:00
2262,182,3,Comida fria.,2023-03-15 16:22:00
2263,14079,5,Comida deliciosa.,2023-05-14 02:50:00
2264,19524,5,Excelente serviço.,2023-06-26 02:34:00
2265,12510,5,Muito bom!,2023-10-27 04:43:00
2266,5981,4,Comida deliciosa.,2023-02-12 11:08:00
2267,7736,5,Excelente serviço.,2023-02-07 09:56:00
2268,18916,2,Comida fria.,2023-08-14 03:25:00
2269,3785,5,Muito bom!,2023-07-17 14:47:00
2270,7942,5,Muito bom!,2023-06-27 06:50:00
2271,8261,5,Muito bom!,2023-03-22 16:34:00
2272,3599,5,Muito bom!,2023-04-08 00:03:00
2273,10478,5,Excelente serviço.,2023-07-13 10:17:00
2274,10959,1,Comida fria.,2023-04-23 00:12:00
2275,17852,1,Comida fria.,2023-09-21 10:49:00
2276,715,3,Não gostei.,2023-04-29 20:38:00
2277,14800,5,Comida deliciosa.,2023-02-17 17:36:00
2278,1794,4,Comida deliciosa.,2023-06-19 08:31:00
2279,17807,1,Pedido errado.,2023-11-19 16:47:00
2280,19673,1,Demorou muito.,2023-07-31 02:36:00
2281,11528,5,Recomendo!,2023-09-27 13:51:00
2282,15374,4,Chegou rápido.,2023-09-23 21:06:00
2283,401,4,Chegou rápido.,2023-06-10 17:42:00
2284,16255,5,Comida deliciosa.,2023-02-04 15:43:00
2285,17902,5,Excelente serviço.,2023-02-03 14:10:00
2286,4559,4,Muito bom!,2023-09-09 18:21:00
2287,16092,5,Comida deliciosa.,2023-11-27 18:37:00
2288,5201,5,Recomendo!,2023-10-07 00:48:00
2289,285,4,Recomendo!,2023-01-10 16:34:00
2290,244,5,Excelente serviço.,2023-09-10 13:37:00
2291,6502,5,Recomendo!,2023-05-25 21:13:00
2292,19576,4,Comida deliciosa.,2023-07-24 12:27:00
2293,16754,3,Pode melhorar.,2023-08-22 18:30:00
2294,5813,4,Muito bom!,2023-03-05 09:06:00
2295,11491,4,Chegou rápido.,2023-06-10 00:57:00
2296,2479,5,Chegou rápido.,2023-01-18 23:04:00
2297,14775,5,Comida deliciosa.,2023-03-15 05:27:00
2298,3209,3,Demorou muito.,2023-12-26 19:12:00
2299,5066,4,Recomendo!,2023-06-22 02:37:00
2300,13853,4,Recomendo!,2023-08-31 07:06:00
2301,4387,4,Excelente serviço.,2023-08-30 10:49:00
2302,19292,5,Chegou rápido.,2023-07-01 09:19:00
2303,18807,5,Excelente serviço.,2023-06-15 09:17:00
2304,4956,2,Pode melhorar.,2023-12-27 01:35:00
2305,1725,5,Excelente serviço.,2023-03-03 00:13:00
2306,1645,3,Comida fria.,2023-04-18 19:48:00
2307,10404,5,Muito bom!,2023-02-02 22:12:00
2308,16356,1,Comida fria.,2023-10-29 16:17:00
2309,10112,5,Recomendo!,2023-07-17 09:03:00
2310,15613,4,Comida deliciosa.,2023-10-20 13:50:00
2311,19092,4,Comida deliciosa.,2023-02-27 14:06:00
2312,5780,1,Pedido errado.,2023-08-09 09:07:00
2313,6665,5,Excelente serviço.,2023-03-17 19:39:00
2314,3728,2,Demorou muito.,2023-02-07 15:42:00
2315,3984,5,Muito bom!,2023-12-15 10:45:00
2316,10180,5,Recomendo!,2023-03-09 13:40:00
2317,1485,5,Muito bom!,2023-06-19 10:19:00
2318,8247,4,Comida deliciosa.,2023-08-11 19:59:00
2319,8178,5,Recomendo!,2023-11-23 05:22:00
2320,7769,5,Excelente serviço.,2023-11-17 21:41:00
2321,7690,5,Muito bom!,2023-04-04 00:49:00
2322,7339,5,Comida deliciosa.,2023-03-24 04:44:00
2323,7203,5,Excelente serviço.,2023-02-12 07:43:00
2324,6836,5,Muito bom!,2023-03-09 06:48:00
2325,11108,1,Pode melhorar.,2024-01-01 07:56:00
2326,562,3,Pedido errado.,2023-09-10 09:08:00
2327,4636,5,Excelente serviço.,2023-10-09 02:20:00
2328,10770,5,Chegou rápido.,2023-06-08 03:11:00
2329,13779,4,Comida deliciosa.,2023-01-13 17:55:00
2330,3293,5,Comida deliciosa.,2023-06-15 04:59:00
2331,15995,5,Comida deliciosa.,2023-04-07 14:15:00
2332,9362,5,Chegou rápido.,2023-11-09 05:28:00
2333,15663,5,Chegou rápido.,2023-12-11 19:49:00
2334,17660,5,Excelente serviço.,2023-03-26 09:17:00
2335,1759,4,Comida deliciosa.,2023-11-11 06:42:00
2336,11016,5,Recomendo!,2023-12-07 21:22:00
2337,12365,5,Chegou rápido.,2023-05-21 22:43:00
2338,11934,5,Chegou rápido.,2023-08-14 17:06:00
2339,9536,4,Comida deliciosa.,2023-10-25 08:05:00
2340,3556,5,Chegou rápido.,2023-06-02 12:50:00
2341,389,5,Muito bom!,2023-12-08 21:09:00
2342,307,5,Chegou rápido.,2023-10-24 16:41:00
2343,5292,5,Muito bom!,2023-03-27 05:44:00
2344,7964,5,Chegou rápido.,2023-05-16 13:28:00
2345,11974,4,Excelente serviço.,2023-12-23 01:00:00
2346,5260,5,Chegou rápido.,2023-11-20 01:45:00
2347,531,5,Comida deliciosa.,2023-12-16 02:35:00
2348,9386,4,Comida deliciosa.,2023-07-22 05:59:00
2349,3546,4,Comida deliciosa.,2023-04-25 10:05:00
2350,3977,5,Chegou rápido.,2023-07-12 06:06:00
2351,10217,5,Comida deliciosa.,2023-12-17 00:11:00
2352,6768,4,Chegou rápido.,2023-12-27 23:10:00
2353,18838,5,Chegou rápido.,2023-10-13 03:22:00
2354,1294,3,Não gostei.,2023-01-17 16:45:00
2355,17998,1,Pode melhorar.,2023-11-27 01:10:00
2356,15336,5,Recomendo!,2023-07-07 22:33:00
2357,4736,5,Chegou rápido.,2023-10-04 22:46:00
2358,15738,4,Excelente serviço.,2023-02-04 03:53:00
2359,19074,2,Pedido errado.,2023-02-24 08:01:00
2360,2393,4,Chegou rápido.,2023-11-10 04:40:00
2361,8091,5,Excelente serviço.,2023-03-30 09:13:00
2362,4750,5,Excelente serviço.,2024-01-01 17:15:00
2363,6143,1,Demorou muito.,2023-09-05 11:30:00
2364,17231,5,Recomendo!,2023-11-02 21:11:00
2365,16139,5,Recomendo!,2023-01-15 08:08:00
2366,16378,1,Pode melhorar.,2023-08-20 00:07:00
2367,8754,4,Recomendo!,2023-02-15 01:29:00
2368,8713,4,Muito bom!,2023-06-05 22:51:00
2369,14175,4,Comida deliciosa.,2023-05-08 08:13:00
2370,4702,4,Excelente serviço.,2023-04-06 02:23:00
2371,19128,5,Excelente serviço.,2023-10-25 17:52:00
2372,7066,4,Recomendo!,2023-12-04 02:03:00
2373,17526,4,Muito bom!,2023-02-07 01:15:00
2374,17574,5,Recomendo!,2023-02-20 08:04:00
2375,18634,4,Comida deliciosa.,2023-05-06 20:55:00
2376,14468,5,Comida deliciosa.,2023-09-17 14:18:00
2377,7721,2,Comida fria.,2023-08-07 05:46:00
2378,5912,3,Comida fria.,2023-07-20 22:28:00
2379,9581,5,Excelente serviço.,2023-12-03 15:43:00
2380,12058,5,Excelente serviço.,2023-05-07 01:59:00
2381,5955,3,Pedido errado.,2023-01-30 20:44:00
2382,14831,5,Comida deliciosa.,2023-09-02 02:09:00
2383,50,5,Recomendo!,2023-01-29 03:21:00
2384,12474,4,Excelente serviço.,2023-08-18 08:36:00
2385,11319,4,Recomendo!,2023-07-22 11:26:00
2386,15521,4,Recomendo!,2023-01-24 20:59:00
2387,19983,4,Muito bom!,2023-07-31 21:16:00
2388,10826,1,Não gostei.,2023-01-25 09:39:00
2389,12721,4,Recomendo!,2023-11-23 07:55:00
2390,19475,5,Chegou rápido.,2023-10-15 16:53:00
2391,19216,5,Comida deliciosa.,2023-11-02 09:08:00
2392,18537,4,Recomendo!,2023-04-06 00:36:00
2393,15947,5,Excelente serviço.,2023-02-22 21:43:00
2394,12590,5,Comida deliciosa.,2023-02-06 12:53:00
2395,644,5,Chegou rápido.,2023-03-28 12:31:00
2396,10143,5,Comida deliciosa.,2023-05-20 07:07:00
2397,16445,1,Comida fria.,2023-04-09 06:56:00
2398,11779,4,Recomendo!,2023-04-01 16:45:00
2399,8385,4,Chegou rápido.,2023-02-26 18:16:00
2400,17955,5,Comida deliciosa.,2023-02-20 15:00:00
2401,9357,5,Excelente serviço.,2023-04-23 01:35:00
2402,3504,5,Comida deliciosa.,2023-04-29 20:04:00
2403,11687,4,Chegou rápido.,2023-01-24 16:19:00
2404,824,4,Muito bom!,2023-12-11 03:00:00
2405,18719,5,Muito bom!,2023-02-16 06:41:00
2406,3010,4,Chegou rápido.,2023-05-06 10:48:00
2407,18636,5,Muito bom!,2023-11-09 23:28:00
2408,12539,3,Demorou muito.,2023-07-17 07:49:00
2409,9811,3,Comida fria.,2023-04-30 10:18:00
2410,15510,5,Chegou rápido.,2023-01-27 20:25:00
2411,9286,4,Chegou rápido.,2023-06-01 07:50:00
2412,1250,4,Recomendo!,2023-12-09 11:24:00
2413,4642,4,Excelente serviço.,2023-11-15 12:34:00
2414,10940,4,Comida deliciosa.,2024-01-02 06:33:00
2415,18442,5,Muito bom!,2023-02-07 15:38:00
2416,1141,2,Pode melhorar.,2023-08-11 17:29:00
2417,6040,5,Comida deliciosa.,2023-11-23 19:50:00
2418,5612,5,Chegou rápido.,2023-08-14 19:59:00
2419,1646,5,Chegou rápido.,2023-05-20 07:11:00
2420,6080,5,Comida deliciosa.,2023-11-13 05:25:00
2421,10602,5,Recomendo!,2023-09-15 15:57:00
2422,15951,5,Recomendo!,2023-06-01 10:40:00
2423,14464,5,Comida deliciosa.,2023-07-09 09:58:00
2424,10316,5,Muito bom!,2023-07-14 15:16:00
2425,9315,5,Comida deliciosa.,2023-04-06 03:41:00
2426,5512,4,Comida deliciosa.,2023-07-15 18:51:00
2427,14435,5,Comida deliciosa.,2023-08-16 20:34:00
2428,11584,4,Muito bom!,2023-11-23 03:15:00
2429,19093,5,Muito bom!,2023-03-07 00:11:00
2430,14891,5,Excelente serviço.,2023-10-19 11:50:00
2431,7592,5,Chegou rápido.,2023-09-07 01:36:00
2432,5816,5,Chegou rápido.,2023-10-20 19:24:00
2433,9921,4,Recomendo!,2023-04-10 15:21:00
2434,4976,5,Comida deliciosa.,2023-05-21 17:10:00
2435,2978,5,Comida deliciosa.,2023-10-16 09:19:00
2436,19264,5,Recomendo!,2023-03-19 00:32:00
2437,18411,5,Excelente serviço.,2023-07-28 01:40:00
2438,4374,5,Recomendo!,2023-06-01 05:40:00
2439,3087,5,Excelente serviço.,2023-04-18 22:25:00
2440,10949,5,Recomendo!,2024-01-01 01:12:00
2441,6901,5,Comida deliciosa.,2023-08-16 20:57:00
2442,18543,3,Pode melhorar.,2023-04-22 09:15:00
2443,6018,5,Recomendo!,2023-02-27 21:02:00
2444,10303,5,Excelente serviço.,2023-05-09 08:02:00
2445,362,5,Muito bom!,2023-07-05 06:32:00
2446,15182,1,Não gostei.,2023-02-07 06:54:00
2447,726,3,Demorou muito.,2023-01-18 08:28:00
2448,5446,5,Comida deliciosa.,2023-08-27 23:41:00
2449,7598,4,Chegou rápido.,2023-06-07 11:46:00
2450,14577,3,Demorou muito.,2023-04-12 14:31:00
2451,10970,5,Muito bom!,2023-04-28 18:59:00
2452,19572,4,Recomendo!,2023-09-27 09:01:00
2453,17957,1,Comida fria.,2023-04-26 10:34:00
2454,11583,5,Muito bom!,2023-06-19 01:45:00
2455,1231,4,Excelente serviço.,2023-07-19 22:01:00
2456,5162,4,Muito bom!,2023-06-07 16:01:00
2457,3813,4,Chegou rápido.,2023-03-05 03:14:00
2458,9555,5,Chegou rápido.,2023-07-10 11:11:00
2459,12499,4,Excelente serviço.,2023-06-05 12:35:00
2460,516,5,Comida deliciosa.,2023-04-25 23:19:00
2461,10097,1,Demorou muito.,2023-04-14 20:27:00
2462,4207,5,Recomendo!,2023-08-12 18:32:00
2463,8435,5,Comida deliciosa.,2023-05-28 03:06:00
2464,17353,5,Recomendo!,2023-04-08 02:08:00
2465,2860,5,Comida deliciosa.,2023-08-25 20:02:00
2466,17394,4,Muito bom!,2023-04-09 11:55:00
2467,16217,4,Muito bom!,2023-09-28 05:01:00
2468,9073,5,Comida deliciosa.,2023-07-30 17:13:00
2469,3383,5,Excelente serviço.,2023-07-06 14:56:00
2470,15500,3,Pode melhorar.,2023-11-25 04:24:00
2471,16848,1,Demorou muito.,2023-09-11 05:57:00
2472,4740,5,Muito bom!,2023-07-12 11:09:00
2473,6342,4,Comida deliciosa.,2023-03-13 14:00:00
2474,15761,5,Muito bom!,2023-01-01 23:40:00
2475,15165,4,Recomendo!,2023-07-15 03:51:00
2476,4812,5,Muito bom!,2023-12-17 12:48:00
2477,10685,2,Pode melhorar.,2023-01-04 13:32:00
2478,4214,5,Recomendo!,2023-01-31 04:14:00
2479,5584,5,Comida deliciosa.,2023-07-18 10:53:00
2480,14682,1,Comida fria.,2023-04-28 19:13:00
2481,4785,4,Comida deliciosa.,2023-07-06 21:44:00
2482,6645,5,Comida deliciosa.,2023-05-18 03:32:00
2483,11322,5,Muito bom!,2023-11-14 17:25:00
2484,18869,4,Excelente serviço.,2023-06-30 11:18:00
2485,14377,4,Chegou rápido.,2023-09-06 04:42:00
2486,8338,5,Chegou rápido.,2023-02-02 00:33:00
2487,11716,4,Excelente serviço.,2023-10-19 15:24:00
2488,12184,5,Excelente serviço.,2023-05-09 09:15:00
2489,781,3,Não gostei.,2023-10-29 03:53:00
2490,988,1,Não gostei.,2023-12-01 11:07:00
2491,17918,4,Chegou rápido.,2023-12-14 10:48:00
2492,12633,4,Muito bom!,2023-04-14 12:52:00
2493,382,4,Chegou rápido.,2023-09-12 23:42:00
2494,16152,2,Não gostei.,2023-01-05 06:37:00
2495,7554,5,Chegou rápido.,2023-03-21 00:31:00
2496,2141,2,Demorou muito.,2023-05-02 15:24:00
2497,17202,1,Demorou muito.,2023-04-14 18:12:00
2498,1221,4,Comida deliciosa.,2023-02-15 08:16:00
2499,18119,2,Comida fria.,2023-11-17 01:01:00
2500,7699,4,Recomendo!,2023-12-15 14:54:00
2501,11665,4,Muito bom!,2024-01-02 08:46:00
2502,1268,5,Recomendo!,2023-02-05 00:05:00
2503,4180,4,Excelente serviço.,2023-03-08 18:47:00
2504,14563,4,Comida deliciosa.,2023-01-30 02:46:00
2505,8254,4,Recomendo!,2023-09-17 15:18:00
2506,9727,4,Excelente serviço.,2023-10-08 09:58:00
2507,19241,3,Não gostei.,2023-02-11 03:35:00
2508,16818,4,Chegou rápido.,2023-12-07 07:04:00
2509,1949,5,Recomendo!,2023-05-12 03:58:00
2510,19766,5,Recomendo!,2023-04-06 10:11:00
2511,4217,5,Excelente serviço.,2023-08-05 08:08:00
2512,12955,4,Muito bom!,2023-09-02 02:29:00
2513,2657,5,Comida deliciosa.,2023-07-12 00:35:00
2514,3743,5,Excelente serviço.,2023-01-04 18:11:00
2515,14689,3,Demorou muito.,2023-12-07 09:11:00
2516,15912,5,Recomendo!,2023-10-19 15:56:00
2517,19878,3,Pode melhorar.,2023-09-11 14:50:00
2518,19779,5,Excelente serviço.,2023-01-11 08:40:00
2519,6531,2,Pode melhorar.,2023-08-29 16:16:00
2520,5638,4,Excelente serviço.,2023-05-03 06:48:00
2521,11355,3,Pode melhorar.,2023-12-13 21:46:00
2522,7614,4,Comida deliciosa.,2023-02-26 13:42:00
2523,19318,1,Demorou muito.,2023-06-15 21:05:00
2524,7288,5,Comida deliciosa.,2023-10-25 12:35:00
2525,10434,5,Excelente serviço.,2023-05-16 02:40:00
2526,12718,4,Recomendo!,2023-09-14 15:06:00
2527,8539,4,Excelente serviço.,2023-10-28 18:04:00
2528,7016,5,Recomendo!,2023-09-21 19:12:00
2529,12437,4,Comida deliciosa.,2023-04-16 09:49:00
2530,5114,4,Recomendo!,2023-02-15 21:05:00
2531,12508,4,Muito bom!,2023-11-29 18:32:00
2532,5738,5,Recomendo!,2023-11-26 12:05:00
2533,5387,2,Não gostei.,2023-11-08 15:35:00
2534,1397,5,Excelente serviço.,2023-07-14 16:53:00
2535,19339,4,Comida deliciosa.,2023-05-30 07:20:00
2536,18157,5,Muito bom!,2023-03-27 23:57:00
2537,12107,4,Excelente serviço.,2023-12-26 15:33:00
2538,6979,3,Demorou muito.,2023-11-13 08:30:00
2539,7006,4,Chegou rápido.,2023-08-14 19:22:00
2540,9132,5,Recomendo!,2023-02-07 19:54:00
2541,3898,4,Muito bom!,2023-05-22 07:16:00
2542,19727,4,Recomendo!,2023-06-07 12:40:00
2543,1830,5,Comida deliciosa.,2023-07-11 06:33:00
2544,1619,3,Não gostei.,2023-07-21 03:46:00
2545,13588,3,Demorou muito.,2023-09-13 01:47:00
2546,4838,4,Chegou rápido.,2023-05-20 23:34:00
2547,2788,4,Chegou rápido.,2023-08-18 02:21:00
2548,3505,3,Pode melhorar.,2023-12-19 13:59:00
2549,11740,2,Demorou muito.,2023-09-30 22:00:00
2550,3107,5,Recomendo!,2023-01-10 08:52:00
2551,16304,4,Chegou rápido.,2023-05-30 18:28:00
2552,17977,5,Comida deliciosa.,2023-03-03 22:36:00
2553,7886,3,Pode melhorar.,2023-02-18 13:56:00
2554,19414,1,Não gostei.,2023-10-13 09:55:00
2555,1617,5,Comida deliciosa.,2023-10-10 04:41:00
2556,5708,3,Comida fria.,2023-10-20 04:49:00
2557,4583,3,Pedido errado.,2023-01-08 07:39:00
2558,16032,5,Recomendo!,2023-12-02 09:40:00
2559,11333,1,Comida fria.,2023-03-10 01:44:00
2560,3339,4,Comida deliciosa.,2023-11-19 20:23:00
2561,5061,4,Excelente serviço.,2023-02-23 07:01:00
2562,4089,5,Comida deliciosa.,2023-06-20 19:01:00
2563,18312,3,Demorou muito.,2023-04-16 23:57:00
2564,14538,3,Demorou muito.,2023-12-25 13:17:00
2565,6893,5,Excelente serviço.,2023-11-28 08:13:00
2566,18039,5,Muito bom!,2023-02-25 18:59:00
2567,2749,3,Demorou muito.,2023-01-16 03:01:00
2568,2404,3,Pedido errado.,2023-02-06 06:14:00
2569,5847,5,Muito bom!,2023-03-06 10:29:00
2570,7906,5,Recomendo!,2023-05-13 01:38:00
2571,1569,5,Muito bom!,2023-09-07 16:52:00
2572,8506,4,Excelente serviço.,2023-05-09 05:15:00
2573,5017,5,Excelente serviço.,2023-09-16 13:45:00
2574,8220,4,Excelente serviço.,2023-09-24 17:41:00
2575,8961,5,Recomendo!,2023-11-18 17:00:00
2576,10794,4,Muito bom!,2023-03-18 07:49:00
2577,9885,5,Comida deliciosa.,2023-10-19 15:23:00
2578,6361,5,Muito bom!,2023-07-07 05:23:00
2579,15479,4,Chegou rápido.,2023-06-12 08:35:00
2580,18329,5,Excelente serviço.,2023-08-18 04:45:00
2581,1935,4,Muito bom!,2023-06-25 17:38:00
2582,8946,4,Muito bom!,2023-04-21 06:01:00
2583,18254,3,Demorou muito.,2023-05-22 18:25:00
2584,14319,5,Muito bom!,2023-06-08 09:07:00
2585,7596,5,Recomendo!,2023-01-13 23:09:00
2586,18356,5,Muito bom!,2023-03-06 14:19:00
2587,3343,5,Chegou rápido.,2023-11-10 17:29:00
2588,13925,5,Recomendo!,2023-04-15 00:47:00
2589,6712,4,Chegou rápido.,2023-06-08 00:25:00
2590,429,5,Recomendo!,2023-07-15 11:03:00
2591,4216,4,Muito bom!,2023-05-04 18:29:00
2592,4418,5,Chegou rápido.,2023-09-03 18:17:00
2593,17472,4,Chegou rápido.,2023-12-25 22:05:00
2594,17043,5,Muito bom!,2023-01-10 21:29:00
2595,5991,5,Muito bom!,2023-11-07 00:12:00
2596,6488,5,Chegou rápido.,2023-05-23 01:17:00
2597,9314,3,Não gostei.,2023-10-24 09:39:00
2598,19579,5,Recomendo!,2023-06-20 13:10:00
2599,14416,5,Muito bom!,2023-10-02 19:13:00
2600,5715,5,Comida deliciosa.,2023-06-09 15:02:00
2601,3706,5,Excelente serviço.,2024-01-01 18:33:00
2602,6953,4,Chegou rápido.,2023-03-04 17:54:00
2603,4284,5,Muito bom!,2023-03-20 16:15:00
2604,3611,5,Chegou rápido.,2023-12-18 17:34:00
2605,16340,3,Não gostei.,2023-11-27 01:38:00
2606,5190,4,Recomendo!,2023-01-04 15:28:00
2607,4018,4,Chegou rápido.,2023-02-10 06:35:00
2608,17430,5,Chegou rápido.,2023-12-10 02:19:00
2609,3581,5,Muito bom!,2023-09-21 17:38:00
2610,11838,5,Muito bom!,2023-12-17 07:43:00
2611,17387,2,Comida fria.,2023-01-19 01:56:00
2612,1099,4,Muito bom!,2023-05-21 13:54:00
2613,15566,5,Recomendo!,2023-11-01 00:46:00
2614,15270,4,Comida deliciosa.,2023-11-05 20:04:00
2615,7483,5,Excelente serviço.,2023-12-03 00:55:00
2616,7290,1,Pedido errado.,2023-06-19 11:40:00
2617,9870,4,Excelente serviço.,2023-08-29 16:25:00
2618,1457,5,Recomendo!,2023-11-16 04:15:00
2619,15415,1,Não gostei.,2023-06-02 15:05:00
2620,16799,5,Comida deliciosa.,2023-12-20 21:49:00
2621,19972,5,Muito bom!,2023-05-28 02:43:00
2622,13764,3,Pedido errado.,2023-01-13 03:43:00
2623,2455,3,Não gostei.,2023-03-10 15:30:00
2624,5409,4,Excelente serviço.,2023-03-26 22:27:00
2625,9879,5,Comida deliciosa.,2023-07-09 18:21:00
2626,14704,5,Excelente serviço.,2023-01-08 05:41:00
2627,8408,4,Recomendo!,2023-05-29 20:43:00
2628,13217,5,Excelente serviço.,2023-01-22 10:11:00
2629,1523,1,Pode melhorar.,2023-01-05 23:58:00
2630,8842,5,Chegou rápido.,2023-02-08 10:12:00
2631,13762,5,Chegou rápido.,2023-01-25 11:35:00
2632,15598,2,Pedido errado.,2023-03-15 18:06:00
2633,2033,4,Recomendo!,2023-11-27 16:34:00
2634,4735,2,Não gostei.,2023-02-21 08:58:00
2635,4535,2,Comida fria.,2023-08-29 18:11:00
2636,16275,5,Muito bom!,2023-11-16 19:29:00
2637,19430,5,Chegou rápido.,2023-07-13 11:33:00
2638,19175,4,Muito bom!,2023-03-01 00:43:00
2639,7696,3,Demorou muito.,2023-04-26 00:25:00
2640,9822,5,Chegou rápido.,2023-09-09 02:45:00
2641,2807,4,Comida deliciosa.,2023-09-03 19:25:00
2642,7499,5,Recomendo!,2023-07-14 21:12:00
2643,13538,5,Chegou rápido.,2023-12-11 21:17:00
2644,17916,3,Pedido errado.,2023-04-17 01:21:00
2645,9170,5,Chegou rápido.,2023-01-13 21:52:00
2646,18561,3,Não gostei.,2023-02-12 10:16:00
2647,5515,4,Muito bom!,2023-12-04 01:39:00
2648,1034,5,Muito bom!,2023-05-05 02:34:00
2649,10676,4,Recomendo!,2023-04-08 03:54:00
2650,13079,5,Recomendo!,2023-12-02 01:48:00
2651,1692,5,Excelente serviço.,2023-11-20 09:06:00
2652,17130,4,Recomendo!,2023-05-06 16:51:00
2653,10576,5,Excelente serviço.,2023-03-17 02:14:00
2654,19936,5,Chegou rápido.,2023-08-16 10:10:00
2655,8979,5,Chegou rápido.,2023-08-03 14:16:00
2656,4202,5,Recomendo!,2023-01-26 23:59:00
2657,11181,5,Recomendo!,2023-04-20 15:57:00
2658,13752,5,Recomendo!,2023-03-25 05:58:00
2659,7905,4,Recomendo!,2023-02-25 03:57:00
2660,8960,2,Pedido errado.,2023-12-14 09:21:00
2661,10364,4,Recomendo!,2023-03-09 16:54:00
2662,8953,4,Chegou rápido.,2023-09-01 19:22:00
2663,10748,5,Comida deliciosa.,2023-12-24 08:48:00
2664,219,4,Muito bom!,2023-09-01 21:41:00
2665,16382,5,Recomendo!,2023-09-22 17:56:00
2666,2484,5,Muito bom!,2023-07-19 19:11:00
2667,10440,5,Chegou rápido.,2023-05-24 23:39:00
2668,16454,4,Muito bom!,2023-10-10 10:46:00
2669,10829,5,Recomendo!,2023-03-19 17:29:00
2670,16267,2,Demorou muito.,2023-11-08 20:07:00
2671,15902,4,Comida deliciosa.,2023-02-28 22:03:00
2672,18901,5,Chegou rápido.,2023-06-25 14:00:00
2673,11443,5,Excelente serviço.,2023-09-18 15:43:00
2674,18662,5,Chegou rápido.,2023-11-17 14:07:00
2675,3798,4,Recomendo!,2023-12-24 15:59:00
2676,18536,1,Pode melhorar.,2023-08-12 22:03:00
2677,18469,4,Comida deliciosa.,2023-03-08 01:15:00
2678,2322,4,Comida deliciosa.,2023-09-24 23:13:00
2679,1530,3,Comida fria.,2023-07-17 04:38:00
2680,12986,5,Excelente serviço.,2023-09-25 01:57:00
2681,2059,4,Muito bom!,2023-02-01 21:47:00
2682,677,5,Muito bom!,2023-01-14 16:46:00
2683,11959,5,Recomendo!,2023-02-14 23:55:00
2684,15209,4,Excelente serviço.,2023-04-13 18:56:00
2685,3684,5,Chegou rápido.,2023-04-01 06:40:00
2686,16711,4,Chegou rápido.,2023-11-13 03:56:00
2687,9312,5,Excelente serviço.,2023-11-25 18:19:00
2688,9631,5,Comida deliciosa.,2023-06-12 07:54:00
2689,14913,4,Muito bom!,2023-11-29 04:53:00
2690,10221,5,Recomendo!,2023-12-05 02:18:00
2691,12433,5,Recomendo!,2023-07-14 17:55:00
2692,5110,4,Comida deliciosa.,2023-07-14 04:15:00
2693,9181,4,Recomendo!,2023-10-11 00:11:00
2694,665,4,Excelente serviço.,2023-12-06 17:46:00
2695,2457,5,Recomendo!,2023-08-26 11:34:00
2696,1634,2,Pedido errado.,2023-04-14 18:32:00
2697,4000,5,Muito bom!,2023-07-14 17:55:00
2698,7053,2,Pedido errado.,2023-05-21 04:30:00
2699,2369,4,Muito bom!,2023-09-21 01:33:00
2700,5695,5,Muito bom!,2023-03-03 13:19:00
2701,17121,5,Muito bom!,2023-05-09 07:52:00
2702,13725,5,Muito bom!,2023-12-31 15:30:00
2703,1703,5,Excelente serviço.,2023-01-14 08:35:00
2704,18703,5,Recomendo!,2023-08-27 19:25:00
2705,16417,5,Excelente serviço.,2023-08-09 12:50:00
2706,9363,5,Comida deliciosa.,2023-06-11 07:35:00
2707,12022,5,Muito bom!,2023-07-11 04:09:00
2708,16312,5,Recomendo!,2023-11-06 13:07:00
2709,9603,5,Comida deliciosa.,2023-12-12 02:47:00
2710,5037,5,Muito bom!,2023-06-06 12:33:00
2711,17049,5,Comida deliciosa.,2023-01-14 23:53:00
2712,180,4,Recomendo!,2023-05-21 12:10:00
2713,17932,4,Excelente serviço.,2023-11-01 11:17:00
2714,1467,4,Excelente serviço.,2023-02-26 21:54:00
2715,15633,4,Excelente serviço.,2023-10-06 22:46:00
2716,12755,5,Excelente serviço.,2023-02-17 11:43:00
2717,9277,4,Recomendo!,2023-04-05 01:08:00
2718,6359,5,Comida deliciosa.,2023-02-20 12:55:00
2719,17069,4,Chegou rápido.,2023-12-08 06:54:00
2720,1991,5,Muito bom!,2023-05-01 08:44:00
2721,5958,3,Demorou muito.,2023-01-20 04:48:00
2722,7136,5,Excelente serviço.,2023-04-25 18:25:00
2723,1860,4,Comida deliciosa.,2023-07-29 18:38:00
2724,17378,4,Comida deliciosa.,2023-05-05 05:09:00
2725,12091,5,Muito bom!,2023-06-13 09:06:00
2726,12204,5,Excelente serviço.,2023-09-30 19:23:00
2727,16328,5,Chegou rápido.,2023-01-09 17:16:00
2728,7539,5,Recomendo!,2023-06-19 22:09:00
2729,4592,5,Muito bom!,2023-07-12 12:35:00
2730,9201,5,Excelente serviço.,2023-05-10 12:06:00
2731,14252,3,Não gostei.,2023-01-16 08:41:00
2732,7512,5,Muito bom!,2023-08-04 00:17:00
2733,12978,4,Recomendo!,2023-01-05 02:11:00
2734,19498,4,Excelente serviço.,2023-04-03 03:50:00
2735,12065,5,Comida deliciosa.,2023-02-26 18:37:00
2736,19670,5,Excelente serviço.,2023-07-07 22:46:00
2737,14592,5,Comida deliciosa.,2023-10-24 12:11:00
2738,10934,5,Recomendo!,2023-09-15 05:44:00
2739,3734,5,Excelente serviço.,2023-09-06 10:14:00
2740,2391,1,Pedido errado.,2023-06-04 18:06:00
2741,13256,4,Chegou rápido.,2023-07-30 23:15:00
2742,19861,4,Comida deliciosa.,2023-11-05 02:41:00
2743,1206,1,Pedido errado.,2023-10-03 05:16:00
2744,4268,4,Excelente serviço.,2023-06-14 18:58:00
2745,3451,3,Pode melhorar.,2023-12-22 01:33:00
2746,12128,5,Chegou rápido.,2023-07-08 12:16:00
2747,11019,4,Chegou rápido.,2023-05-20 05:43:00
2748,11917,5,Chegou rápido.,2023-07-31 19:00:00
2749,18232,5,Recomendo!,2023-08-24 09:34:00
2750,10817,4,Chegou rápido.,2023-10-02 09:43:00
2751,6891,5,Muito bom!,2023-04-10 00:20:00
2752,6155,5,Excelente serviço.,2023-01-17 11:16:00
2753,10830,5,Excelente serviço.,2023-11-13 07:18:00
2754,3128,4,Muito bom!,2023-03-15 08:39:00
2755,13597,4,Excelente serviço.,2023-08-21 03:58:00
2756,1978,5,Chegou rápido.,2023-03-30 03:04:00
2757,17407,4,Muito bom!,2023-07-31 16:15:00
2758,6333,5,Excelente serviço.,2023-12-23 22:33:00
2759,19166,5,Chegou rápido.,2023-10-13 21:56:00
2760,246,4,Comida deliciosa.,2023-08-27 11:36:00
2761,18648,5,Comida deliciosa.,2023-09-17 03:29:00
2762,16676,4,Chegou rápido.,2023-07-11 12:12:00
2763,2004,5,Chegou rápido.,2023-01-20 15:26:00
2764,6473,2,Pedido errado.,2023-07-01 23:35:00
2765,17327,2,Pode melhorar.,2023-03-02 12:44:00
2766,9840,4,Muito bom!,2023-12-07 06:34:00
2767,522,5,Recomendo!,2023-04-18 20:06:00
2768,2352,4,Muito bom!,2023-07-12 15:25:00
2769,2767,5,Recomendo!,2023-05-11 21:33:00
2770,10581,4,Chegou rápido.,2023-01-30 20:42:00
2771,326,5,Muito bom!,2023-02-13 17:57:00
2772,15097,5,Comida deliciosa.,2023-09-22 13:16:00
2773,12323,4,Recomendo!,2023-03-29 23:31:00
2774,5504,1,Não gostei.,2023-02-28 13:05:00
2775,3935,3,Pedido errado.,2023-08-16 04:49:00
2776,7181,5,Excelente serviço.,2023-11-03 09:03:00
2777,11662,4,Muito bom!,2023-04-16 06:00:00
2778,3193,1,Pedido errado.,2023-09-26 07:30:00
2779,2153,1,Pode melhorar.,2023-11-10 21:22:00
2780,18134,5,Recomendo!,2023-05-04 16:51:00
2781,10511,5,Recomendo!,2023-05-02 18:00:00
2782,16522,5,Muito bom!,2023-06-12 01:55:00
2783,12217,5,Recomendo!,2023-08-27 10:10:00
2784,14915,5,Comida deliciosa.,2023-09-14 06:13:00
2785,19385,1,Pode melhorar.,2023-11-18 01:57:00
2786,474,5,Comida deliciosa.,2023-10-19 16:45:00
2787,11163,4,Chegou rápido.,2023-03-14 10:34:00
2788,14987,4,Comida deliciosa.,2023-05-30 01:31:00
2789,10841,4,Muito bom!,2023-11-07 15:38:00
2790,5030,5,Muito bom!,2023-07-17 00:16:00
2791,16459,1,Pedido errado.,2023-11-25 05:11:00
2792,17473,4,Excelente serviço.,2023-09-17 11:02:00
2793,8409,5,Comida deliciosa.,2023-04-07 23:13:00
2794,15101,5,Comida deliciosa.,2023-06-04 19:24:00
2795,8340,5,Recomendo!,2023-07-02 22:58:00
2796,16963,2,Comida fria.,2023-04-26 06:47:00
2797,15650,5,Muito bom!,2023-09-18 23:40:00
2798,11788,5,Chegou rápido.,2023-12-08 02:18:00
2799,16097,5,Muito bom!,2023-03-04 23:17:00
2800,7190,5,Muito bom!,2023-12-29 05:06:00
2801,13391,4,Recomendo!,2023-02-04 17:01:00
2802,16159,4,Chegou rápido.,2023-03-28 20:50:00
2803,19157,5,Comida deliciosa.,2023-07-12 10:41:00
2804,72,5,Chegou rápido.,2023-08-23 23:38:00
2805,11781,4,Chegou rápido.,2023-08-06 12:59:00
2806,17555,2,Demorou muito.,2023-09-25 19:26:00
2807,1388,4,Chegou rápido.,2023-06-29 04:21:00
2808,6422,4,Chegou rápido.,2023-09-22 03:00:00
2809,8219,5,Excelente serviço.,2023-11-01 13:42:00
2810,11030,5,Comida deliciosa.,2023-02-26 05:33:00
2811,11839,4,Excelente serviço.,2023-09-13 08:37:00
2812,17953,5,Comida deliciosa.,2023-06-13 08:02:00
2813,12853,1,Não gostei.,2023-05-27 12:40:00
2814,1423,5,Muito bom!,2023-03-12 04:20:00
2815,17282,4,Comida deliciosa.,2023-11-27 09:36:00
2816,8823,3,Não gostei.,2023-12-21 22:53:00
2817,1039,3,Pedido errado.,2023-06-09 23:41:00
2818,4691,4,Recomendo!,2023-04-15 04:22:00
2819,11680,4,Recomendo!,2023-12-13 09:00:00
2820,2257,5,Comida deliciosa.,2023-12-09 08:25:00
2821,18989,5,Excelente serviço.,2023-05-23 21:20:00
2822,16779,4,Chegou rápido.,2023-11-03 04:55:00
2823,9094,4,Muito bom!,2023-01-23 05:07:00
2824,5653,5,Comida deliciosa.,2023-03-04 02:57:00
2825,13038,5,Recomendo!,2023-09-21 22:49:00
2826,3983,5,Excelente serviço.,2023-09-14 01:47:00
2827,7011,5,Chegou rápido.,2023-06-23 00:06:00
2828,17801,5,Recomendo!,2023-05-27 11:20:00
2829,15164,5,Muito bom!,2023-04-30 09:11:00
2830,12304,4,Muito bom!,2023-12-08 12:22:00
2831,14919,4,Comida deliciosa.,2023-05-24 19:04:00
2832,4917,5,Muito bom!,2023-03-28 13:11:00
2833,2936,4,Recomendo!,2023-10-30 13:09:00
2834,2683,5,Recomendo!,2023-07-15 04:20:00
2835,17280,5,Recomendo!,2023-04-03 09:30:00
2836,8780,5,Chegou rápido.,2023-06-26 02:14:00
2837,11767,4,Chegou rápido.,2023-01-03 19:25:00
2838,4572,5,Muito bom!,2023-11-20 20:59:00
2839,4103,2,Pode melhorar.,2023-12-31 17:36:00
2840,6180,5,Chegou rápido.,2023-02-23 08:46:00
2841,18288,3,Não gostei.,2023-09-18 17:34:00
2842,12286,4,Recomendo!,2023-08-29 23:15:00
2843,14342,4,Excelente serviço.,2023-04-13 03:25:00
2844,16524,4,Muito bom!,2023-04-09 01:18:00
2845,18458,2,Pedido errado.,2023-12-28 14:27:00
2846,5165,3,Não gostei.,2023-05-02 23:50:00
2847,19419,4,Chegou rápido.,2023-01-04 16:38:00
2848,1370,5,Chegou rápido.,2023-07-13 13:16:00
2849,9410,5,Comida deliciosa.,2023-08-17 16:39:00
2850,4897,4,Excelente serviço.,2023-12-12 22:46:00
2851,6151,5,Recomendo!,2023-05-01 02:17:00
2852,13707,1,Comida fria.,2023-09-19 16:08:00
2853,11673,4,Comida deliciosa.,2023-03-09 18:17:00
2854,9837,3,Pedido errado.,2023-03-25 15:22:00
2855,8436,5,Recomendo!,2023-07-29 16:17:00
2856,6317,4,Muito bom!,2023-10-28 04:57:00
2857,9335,4,Muito bom!,2023-01-06 17:35:00
2858,13382,5,Chegou rápido.,2023-04-17 05:01:00
2859,17184,4,Excelente serviço.,2023-10-06 01:28:00
2860,2138,4,Muito bom!,2023-05-11 03:21:00
2861,2385,5,Recomendo!,2023-03-08 06:54:00
2862,10134,4,Chegou rápido.,2023-09-30 21:24:00
2863,5440,5,Excelente serviço.,2023-08-18 19:20:00
2864,13952,5,Recomendo!,2023-02-28 09:53:00
2865,17126,2,Pedido errado.,2023-03-10 19:22:00
2866,16118,5,Chegou rápido.,2023-05-31 08:50:00
2867,631,5,Muito bom!,2023-05-11 11:55:00
2868,12322,5,Recomendo!,2023-09-04 23:01:00
2869,18247,4,Muito bom!,2023-02-10 09:22:00
2870,17798,3,Não gostei.,2023-12-11 08:37:00
2871,1791,5,Recomendo!,2023-03-16 09:05:00
2872,7453,5,Comida deliciosa.,2023-02-13 09:17:00
2873,11002,4,Comida deliciosa.,2023-05-07 04:11:00
2874,19332,5,Comida deliciosa.,2023-10-26 04:22:00
2875,15546,4,Comida deliciosa.,2023-08-11 07:13:00
2876,438,5,Chegou rápido.,2023-03-24 05:12:00
2877,5532,5,Muito bom!,2023-11-18 20:38:00
2878,10345,4,Muito bom!,2023-10-14 06:30:00
2879,12628,4,Recomendo!,2024-01-01 09:26:00
2880,6554,5,Chegou rápido.,2023-02-25 12:42:00
2881,16845,5,Recomendo!,2023-09-10 18:03:00
2882,3770,5,Comida deliciosa.,2023-12-15 21:42:00
2883,11756,5,Excelente serviço.,2023-08-23 04:42:00
2884,13237,4,Muito bom!,2023-03-18 01:25:00
2885,9018,4,Chegou rápido.,2023-05-23 12:08:00
2886,18981,1,Não gostei.,2023-12-09 19:41:00
2887,9941,4,Recomendo!,2023-01-24 06:23:00
2888,970,3,Comida fria.,2023-02-03 05:52:00
2889,10077,5,Muito bom!,2023-06-12 09:25:00
2890,6278,4,Excelente serviço.,2023-11-02 08:25:00
2891,116,5,Muito bom!,2023-01-20 08:44:00
2892,14724,5,Recomendo!,2023-05-12 04:33:00
2893,6896,5,Excelente serviço.,2023-04-29 05:29:00
2894,19009,4,Excelente serviço.,2023-12-17 16:24:00
2895,17459,4,Excelente serviço.,2023-09-04 07:50:00
2896,9417,5,Recomendo!,2023-02-08 20:34:00
2897,4863,5,Recomendo!,2023-04-29 19:41:00
2898,7401,4,Muito bom!,2023-03-28 21:55:00
2899,3184,5,Chegou rápido.,2023-07-28 21:02:00
2900,8495,4,Chegou rápido.,2023-07-20 17:13:00
2901,9324,5,Muito bom!,2023-07-19 02:12:00
2902,8255,1,Pedido errado.,2023-04-14 23:02:00
2903,9037,5,Muito bom!,2023-06-04 09:24:00
2904,18003,5,Chegou rápido.,2023-02-11 06:49:00
2905,3484,5,Excelente serviço.,2023-09-25 10:58:00
2906,8251,5,Chegou rápido.,2023-01-07 14:11:00
2907,6010,5,Recomendo!,2023-05-12 21:53:00
2908,6887,2,Não gostei.,2023-11-21 03:52:00
2909,12958,4,Recomendo!,2023-04-22 00:34:00
2910,4524,4,Comida deliciosa.,2023-02-25 01:32:00
2911,10360,3,Pedido errado.,2023-01-18 19:43:00
2912,5798,4,Muito bom!,2023-08-25 17:44:00
2913,17476,5,Recomendo!,2023-02-15 13:18:00
2914,8384,5,Excelente serviço.,2023-11-18 02:40:00
2915,14104,4,Comida deliciosa.,2023-02-22 22:36:00
2916,18456,5,Chegou rápido.,2023-08-23 10:15:00
2917,14935,4,Chegou rápido.,2023-05-26 11:49:00
2918,19425,3,Pedido errado.,2023-03-26 15:26:00
2919,8454,3,Pode melhorar.,2023-08-30 17:33:00
2920,12738,1,Demorou muito.,2023-06-23 02:34:00
2921,9923,2,Pode melhorar.,2023-08-03 16:53:00
2922,18197,5,Excelente serviço.,2023-06-28 10:32:00
2923,8157,4,Excelente serviço.,2023-07-11 02:54:00
2924,16101,4,Excelente serviço.,2023-08-07 20:57:00
2925,16035,4,Recomendo!,2023-09-06 23:06:00
2926,17007,5,Recomendo!,2023-05-17 07:48:00
2927,3797,4,Comida deliciosa.,2023-06-14 07:04:00
2928,1992,5,Comida deliciosa.,2023-07-19 19:58:00
2929,15122,2,Pedido errado.,2023-03-12 03:12:00
2930,8955,4,Muito bom!,2023-12-08 15:22:00
2931,1014,4,Excelente serviço.,2023-09-10 01:10:00
2932,7989,4,Chegou rápido.,2023-03-02 06:13:00
2933,1443,5,Comida deliciosa.,2023-04-05 02:37:00
2934,14247,3,Demorou muito.,2023-07-03 12:18:00
2935,6578,3,Demorou muito.,2023-02-05 11:38:00
2936,14096,4,Chegou rápido.,2023-12-16 17:27:00
2937,9605,5,Chegou rápido.,2023-04-26 10:25:00
2938,421,4,Excelente serviço.,2023-08-30 07:43:00
2939,12150,5,Comida deliciosa.,2023-10-20 00:58:00
2940,10417,5,Recomendo!,2023-06-18 08:32:00
2941,2734,4,Excelente serviço.,2023-03-18 13:42:00
2942,11996,1,Pedido errado.,2023-04-25 00:59:00
2943,12478,4,Muito bom!,2023-03-19 16:13:00
2944,13703,5,Comida deliciosa.,2023-08-10 03:22:00
2945,17386,5,Comida deliciosa.,2023-01-01 21:51:00
2946,15160,3,Demorou muito.,2023-05-01 19:26:00
2947,11725,5,Excelente serviço.,2023-11-20 21:11:00
2948,1340,4,Comida deliciosa.,2023-12-29 06:51:00
2949,6650,5,Recomendo!,2023-11-18 05:47:00
2950,9505,5,Recomendo!,2023-04-21 02:27:00
2951,15793,5,Chegou rápido.,2023-07-14 06:38:00
2952,19025,5,Comida deliciosa.,2023-05-02 06:52:00
2953,4645,4,Recomendo!,2023-06-22 10:43:00
2954,5986,4,Comida deliciosa.,2023-12-12 17:24:00
2955,4203,5,Muito bom!,2023-11-21 00:28:00
2956,5433,1,Pedido errado.,2023-04-14 11:33:00
2957,1404,5,Chegou rápido.,2023-08-07 19:42:00
2958,14840,4,Chegou rápido.,2023-06-30 02:22:00
2959,1316,4,Chegou rápido.,2023-11-18 18:04:00
2960,8433,1,Pedido errado.,2023-05-23 17:20:00
2961,10811,5,Muito bom!,2023-05-11 16:44:00
2962,2930,4,Excelente serviço.,2023-01-10 14:18:00
2963,16282,4,Muito bom!,2023-07-26 06:52:00
2964,7928,2,Não gostei.,2023-01-13 09:56:00
2965,2954,3,Demorou muito.,2023-03-28 10:17:00
2966,14870,5,Muito bom!,2023-01-15 08:53:00
2967,15430,4,Chegou rápido.,2023-02-27 04:04:00
2968,13613,5,Comida deliciosa.,2023-03-10 07:26:00
2969,19212,5,Chegou rápido.,2023-12-28 06:52:00
2970,12944,5,Recomendo!,2023-01-29 16:19:00
2971,12095,5,Muito bom!,2023-04-13 16:38:00
2972,878,3,Pode melhorar.,2023-09-18 14:13:00
2973,18657,2,Pedido errado.,2023-10-15 19:29:00
2974,17276,3,Pode melhorar.,2023-02-02 19:41:00
2975,5301,5,Chegou rápido.,2023-04-19 11:50:00
2976,260,4,Comida deliciosa.,2023-05-26 09:00:00
2977,14046,5,Chegou rápido.,2023-09-24 12:02:00
2978,17307,5,Chegou rápido.,2023-11-10 18:05:00
2979,10985,5,Chegou rápido.,2023-01-15 11:17:00
2980,16917,4,Comida deliciosa.,2023-03-16 11:16:00
2981,2636,4,Comida deliciosa.,2023-12-11 09:23:00
2982,2003,5,Comida deliciosa.,2023-12-09 16:57:00
2983,10376,5,Recomendo!,2023-01-05 06:52:00
2984,6716,3,Comida fria.,2023-12-07 10:22:00
2985,5883,5,Excelente serviço.,2023-05-06 06:03:00
2986,1234,5,Excelente serviço.,2023-05-13 19:20:00
2987,3609,5,Muito bom!,2023-12-14 12:55:00
2988,3206,5,Muito bom!,2023-06-09 01:17:00
2989,19973,5,Excelente serviço.,2023-01-12 20:58:00
2990,6796,5,Chegou rápido.,2023-05-22 23:14:00
2991,5627,5,Chegou rápido.,2023-11-06 08:51:00
2992,4219,3,Demorou muito.,2023-04-15 14:23:00
2993,18577,5,Comida deliciosa.,2023-05-12 09:18:00
2994,4911,5,Excelente serviço.,2023-01-12 07:32:00
2995,15128,5,Recomendo!,2023-01-19 07:00:00
2996,5365,5,Recomendo!,2023-03-19 04:55:00
2997,10458,5,Chegou rápido.,2023-11-13 06:21:00
2998,14133,5,Chegou rápido.,2023-12-11 12:38:00
2999,17847,4,Excelente serviço.,2023-01-16 14:38:00
3000,5867,5,Chegou rápido.,2023-12-13 03:35:00
3001,17383,5,Comida deliciosa.,2023-11-16 04:17:00
3002,17645,3,Demorou muito.,2023-09-12 22:32:00
3003,5820,2,Pode melhorar.,2023-08-30 04:00:00
3004,2609,4,Chegou rápido.,2023-07-05 02:10:00
3005,10740,5,Chegou rápido.,2023-06-16 08:49:00
3006,10191,5,Muito bom!,2023-01-31 19:08:00
3007,13064,4,Comida deliciosa.,2023-05-26 10:38:00
3008,16700,3,Comida fria.,2023-03-12 03:10:00
3009,19834,4,Chegou rápido.,2023-02-22 18:00:00
3010,5961,5,Muito bom!,2023-09-11 20:25:00
3011,18153,5,Excelente serviço.,2023-12-25 18:54:00
3012,1772,5,Recomendo!,2023-02-09 12:48:00
3013,6735,5,Chegou rápido.,2023-05-29 22:21:00
3014,10958,5,Recomendo!,2023-09-23 22:35:00
3015,2094,5,Comida deliciosa.,2023-06-17 05:38:00
3016,18628,1,Demorou muito.,2023-11-19 11:39:00
3017,4615,4,Muito bom!,2023-05-23 21:19:00
3018,13584,5,Muito bom!,2023-10-01 21:51:00
3019,4233,4,Recomendo!,2023-01-27 10:18:00
3020,8245,4,Comida deliciosa.,2023-12-25 03:38:00
3021,11575,5,Comida deliciosa.,2023-04-10 10:43:00
3022,12595,5,Comida deliciosa.,2023-10-18 04:29:00
3023,12524,4,Chegou rápido.,2023-10-10 06:27:00
3024,17300,4,Muito bom!,2023-09-11 21:38:00
3025,6764,4,Excelente serviço.,2023-04-12 05:05:00
3026,16663,5,Excelente serviço.,2023-11-01 23:10:00
3027,10450,4,Recomendo!,2023-03-18 02:24:00
3028,5769,4,Recomendo!,2023-05-01 01:24:00
3029,16994,5,Excelente serviço.,2023-11-17 00:58:00
3030,1118,5,Excelente serviço.,2023-10-21 10:04:00
3031,302,4,Chegou rápido.,2023-11-26 07:34:00
3032,9776,1,Pedido errado.,2023-11-25 14:59:00
3033,751,5,Recomendo!,2023-11-26 04:58:00
3034,12239,5,Excelente serviço.,2023-02-03 13:26:00
3035,6043,5,Comida deliciosa.,2023-09-16 07:58:00
3036,17199,4,Chegou rápido.,2023-12-02 16:03:00
3037,4928,5,Comida deliciosa.,2023-02-21 00:07:00
3038,19868,5,Excelente serviço.,2023-06-18 02:55:00
3039,16620,5,Comida deliciosa.,2023-10-19 09:12:00
3040,16183,5,Chegou rápido.,2023-08-23 12:20:00
3041,18896,5,Excelente serviço.,2023-11-11 18:13:00
3042,965,4,Comida deliciosa.,2023-07-20 07:16:00
3043,19778,5,Excelente serviço.,2023-04-28 07:13:00
3044,9607,4,Chegou rápido.,2023-03-20 03:20:00
3045,11792,1,Pode melhorar.,2023-08-12 10:05:00
3046,6393,4,Chegou rápido.,2023-07-06 20:10:00
3047,16034,5,Muito bom!,2023-12-21 13:20:00
3048,10392,4,Muito bom!,2023-02-03 21:37:00
3049,18171,5,Recomendo!,2023-05-18 07:46:00
3050,2917,4,Recomendo!,2023-05-19 15:26:00
3051,10153,5,Comida deliciosa.,2023-07-26 12:33:00
3052,9416,4,Comida deliciosa.,2023-07-29 13:46:00
3053,13227,5,Comida deliciosa.,2023-01-09 16:44:00
3054,10948,5,Chegou rápido.,2023-04-10 21:57:00
3055,17789,5,Comida deliciosa.,2023-06-12 01:50:00
3056,6092,5,Muito bom!,2023-09-04 18:52:00
3057,3291,5,Chegou rápido.,2023-11-09 01:22:00
3058,14325,4,Recomendo!,2023-10-01 16:51:00
3059,19120,5,Comida deliciosa.,2023-05-06 19:51:00
3060,11686,5,Muito bom!,2023-07-14 03:15:00
3061,19982,4,Excelente serviço.,2023-09-30 02:33:00
3062,482,4,Excelente serviço.,2023-04-20 12:23:00
3063,9741,5,Chegou rápido.,2023-06-08 06:48:00
3064,7407,5,Muito bom!,2023-12-05 10:13:00
3065,14153,1,Demorou muito.,2023-06-26 23:09:00
3066,4150,5,Muito bom!,2023-12-24 05:16:00
3067,18684,3,Comida fria.,2023-06-08 01:01:00
3068,6899,5,Comida deliciosa.,2023-02-08 00:36:00
3069,19353,2,Não gostei.,2023-07-18 19:19:00
3070,3788,5,Comida deliciosa.,2023-02-27 20:16:00
3071,10803,5,Recomendo!,2023-04-30 23:50:00
3072,16934,5,Recomendo!,2023-07-13 11:15:00
3073,6753,5,Muito bom!,2023-02-28 17:14:00
3074,100,4,Excelente serviço.,2023-08-30 11:02:00
3075,15672,5,Comida deliciosa.,2023-11-23 03:48:00
3076,4373,5,Chegou rápido.,2023-08-14 09:37:00
3077,19527,4,Chegou rápido.,2023-12-10 09:18:00
3078,14205,5,Muito bom!,2023-08-24 15:52:00
3079,3916,3,Pode melhorar.,2023-01-31 10:02:00
3080,11860,5,Recomendo!,2023-10-23 15:45:00
3081,14371,4,Comida deliciosa.,2023-01-18 21:54:00
3082,4240,5,Comida deliciosa.,2023-12-25 03:26:00
3083,1948,4,Chegou rápido.,2023-07-10 06:34:00
3084,12374,4,Comida deliciosa.,2023-08-17 07:30:00
3085,18378,4,Comida deliciosa.,2023-05-29 08:44:00
3086,5194,5,Excelente serviço.,2023-05-18 00:38:00
3087,17211,5,Comida deliciosa.,2023-01-30 17:04:00
3088,6848,3,Não gostei.,2023-11-18 17:01:00
3089,807,5,Chegou rápido.,2023-02-06 06:04:00
3090,3190,4,Chegou rápido.,2023-06-26 15:27:00
3091,11858,5,Muito bom!,2023-09-05 23:32:00
3092,14666,5,Recomendo!,2023-12-28 02:21:00
3093,17670,5,Comida deliciosa.,2023-03-20 05:12:00
3094,5429,5,Muito bom!,2023-01-06 11:24:00
3095,9935,3,Não gostei.,2023-01-27 08:08:00
3096,17038,4,Chegou rápido.,2023-12-30 05:26:00
3097,9693,5,Excelente serviço.,2023-01-17 12:01:00
3098,1683,5,Recomendo!,2023-10-16 05:43:00
3099,13118,5,Recomendo!,2023-10-03 04:28:00
3100,14850,4,Recomendo!,2023-06-28 20:35:00
3101,5014,5,Muito bom!,2023-07-18 23:58:00
3102,4474,4,Chegou rápido.,2023-04-05 06:31:00
3103,12566,4,Muito bom!,2023-08-10 23:00:00
3104,15948,5,Recomendo!,2023-12-27 05:46:00
3105,1766,5,Excelente serviço.,2023-12-24 00:28:00
3106,9382,4,Comida deliciosa.,2023-07-12 11:46:00
3107,4577,3,Demorou muito.,2023-01-12 04:33:00
3108,1697,5,Chegou rápido.,2023-06-01 20:25:00
3109,3902,5,Recomendo!,2023-11-17 08:13:00
3110,13686,4,Excelente serviço.,2023-09-29 06:44:00
3111,8964,5,Recomendo!,2023-04-26 23:19:00
3112,2406,4,Excelente serviço.,2023-12-20 23:13:00
3113,6533,5,Comida deliciosa.,2023-02-15 20:09:00
3114,10754,5,Chegou rápido.,2023-02-21 06:50:00
3115,12684,3,Pedido errado.,2023-05-10 08:54:00
3116,3153,5,Recomendo!,2023-07-22 13:43:00
3117,18211,4,Comida deliciosa.,2023-02-27 07:33:00
3118,7038,4,Comida deliciosa.,2023-02-16 21:03:00
3119,8908,5,Recomendo!,2023-04-05 06:44:00
3120,19570,2,Pedido errado.,2023-09-18 18:07:00
3121,19185,4,Excelente serviço.,2023-02-15 06:49:00
3122,18223,4,Chegou rápido.,2023-10-07 21:26:00
3123,19308,3,Comida fria.,2023-12-15 05:45:00
3124,11866,5,Recomendo!,2023-11-15 11:09:00
3125,17335,4,Muito bom!,2023-12-12 03:20:00
3126,5094,4,Muito bom!,2023-03-25 16:30:00
3127,14607,5,Muito bom!,2023-04-21 18:01:00
3128,8402,5,Chegou rápido.,2023-08-16 00:19:00
3129,17912,5,Recomendo!,2023-10-10 19:23:00
3130,14555,5,Muito bom!,2023-12-13 04:53:00
3131,11730,5,Excelente serviço.,2023-04-11 20:55:00
3132,3791,4,Chegou rápido.,2023-05-26 20:19:00
3133,15858,5,Excelente serviço.,2023-12-24 11:38:00
3134,12862,5,Excelente serviço.,2023-03-19 07:45:00
3135,14150,5,Muito bom!,2023-08-24 16:46:00
3136,12712,5,Comida deliciosa.,2023-10-28 17:04:00
3137,3574,4,Recomendo!,2023-06-18 03:42:00
3138,3925,5,Recomendo!,2023-10-11 10:22:00
3139,5786,2,Pedido errado.,2023-06-20 01:22:00
3140,8832,5,Recomendo!,2023-03-02 13:41:00
3141,18269,1,Comida fria.,2023-06-08 09:08:00
3142,19051,5,Comida deliciosa.,2023-06-28 03:13:00
3143,9919,5,Muito bom!,2023-09-21 05:17:00
3144,1228,3,Pedido errado.,2023-04-24 06:35:00
3145,6957,4,Chegou rápido.,2023-08-02 05:07:00
3146,7860,3,Pedido errado.,2023-06-14 04:18:00
3147,14964,5,Chegou rápido.,2023-02-09 18:07:00
3148,7269,5,Chegou rápido.,2023-08-13 04:20:00
3149,19568,3,Comida fria.,2023-03-06 04:02:00
3150,11947,5,Recomendo!,2023-07-06 22:31:00
3151,8481,5,Muito bom!,2023-08-26 09:07:00
3152,6447,1,Pedido errado.,2023-05-31 08:04:00
3153,2737,4,Muito bom!,2023-04-26 21:14:00
3154,12836,4,Muito bom!,2023-11-29 16:43:00
3155,2556,4,Comida deliciosa.,2023-05-10 06:04:00
3156,10712,3,Pedido errado.,2023-06-03 07:08:00
3157,2333,4,Chegou rápido.,2023-01-03 05:32:00
3158,9884,5,Comida deliciosa.,2023-10-12 12:46:00
3159,19900,5,Chegou rápido.,2023-07-10 08:49:00
3160,8858,5,Excelente serviço.,2023-06-23 00:33:00
3161,1253,5,Muito bom!,2023-12-19 09:33:00
3162,1257,2,Pedido errado.,2023-03-25 08:58:00
3163,1159,4,Recomendo!,2023-01-30 08:48:00
3164,14912,4,Muito bom!,2023-11-20 16:36:00
3165,7350,3,Não gostei.,2023-09-02 13:26:00
3166,478,4,Comida deliciosa.,2023-12-26 02:32:00
3167,9648,5,Chegou rápido.,2023-01-22 04:47:00
3168,4902,5,Chegou rápido.,2023-07-08 20:00:00
3169,7791,3,Demorou muito.,2023-05-29 11:22:00
3170,18128,5,Excelente serviço.,2023-04-29 11:04:00
3171,10552,4,Recomendo!,2023-10-25 12:31:00
3172,17479,5,Chegou rápido.,2023-06-28 08:07:00
3173,19416,5,Recomendo!,2023-07-18 07:00:00
3174,4522,4,Excelente serviço.,2023-03-13 07:33:00
3175,18273,5,Muito bom!,2023-09-17 01:07:00
3176,4844,5,Muito bom!,2023-10-27 07:48:00
3177,14640,5,Muito bom!,2023-01-20 13:31:00
3178,4235,4,Recomendo!,2023-06-04 07:55:00
3179,13562,5,Comida deliciosa.,2023-10-05 04:39:00
3180,18100,4,Comida deliciosa.,2023-12-27 06:56:00
3181,15198,4,Comida deliciosa.,2023-02-14 13:23:00
3182,6607,5,Recomendo!,2023-07-31 02:53:00
3183,558,2,Comida fria.,2023-11-08 16:38:00
3184,11475,4,Recomendo!,2023-07-30 14:35:00
3185,1764,5,Chegou rápido.,2023-03-11 03:03:00
3186,16371,5,Recomendo!,2023-11-26 13:38:00
3187,18738,1,Comida fria.,2023-03-24 22:55:00
3188,2714,5,Comida deliciosa.,2023-07-01 10:51:00
3189,19118,2,Demorou muito.,2023-04-19 12:17:00
3190,15456,4,Comida deliciosa.,2023-12-24 17:51:00
3191,3997,5,Chegou rápido.,2023-05-13 15:59:00
3192,17450,5,Muito bom!,2023-11-03 10:12:00
3193,19571,4,Muito bom!,2023-10-23 19:42:00
3194,5551,4,Excelente serviço.,2023-08-19 19:31:00
3195,14366,5,Excelente serviço.,2023-08-14 21:00:00
3196,5909,4,Muito bom!,2023-05-28 15:20:00
3197,5583,4,Comida deliciosa.,2023-12-18 21:11:00
3198,2051,4,Comida deliciosa.,2023-10-01 00:55:00
3199,15409,4,Recomendo!,2023-10-28 10:12:00
3200,7274,3,Demorou muito.,2023-04-12 10:09:00
3201,8862,4,Chegou rápido.,2024-01-02 03:56:00
3202,11083,4,Comida deliciosa.,2023-05-28 12:21:00
3203,5950,4,Excelente serviço.,2023-02-09 08:41:00
3204,1045,5,Excelente serviço.,2023-04-20 11:05:00
3205,19664,5,Excelente serviço.,2023-01-19 16:36:00
3206,14676,5,Muito bom!,2023-12-01 02:29:00
3207,14513,5,Comida deliciosa.,2023-08-24 21:58:00
3208,5052,5,Comida deliciosa.,2023-10-10 17:46:00
3209,7346,4,Muito bom!,2023-01-06 13:18:00
3210,663,5,Muito bom!,2023-05-11 03:17:00
3211,10942,3,Não gostei.,2023-03-25 07:02:00
3212,17602,4,Muito bom!,2023-06-22 04:16:00
3213,19919,5,Chegou rápido.,2023-01-14 17:48:00
3214,16433,5,Excelente serviço.,2023-11-23 01:57:00
3215,3216,5,Recomendo!,2023-04-30 07:05:00
3216,9356,5,Chegou rápido.,2023-06-26 07:40:00
3217,6225,3,Não gostei.,2023-03-23 08:23:00
3218,10215,5,Chegou rápido.,2023-10-04 05:05:00
3219,17647,5,Excelente serviço.,2023-08-07 01:54:00
3220,16697,4,Comida deliciosa.,2023-05-16 22:07:00
3221,2305,5,Recomendo!,2023-06-09 11:43:00
3222,19712,5,Excelente serviço.,2023-12-01 03:58:00
3223,16110,4,Excelente serviço.,2023-04-17 15:34:00
3224,19320,5,Comida deliciosa.,2023-08-18 15:30:00
3225,17591,5,Comida deliciosa.,2023-12-29 08:38:00
3226,1833,4,Recomendo!,2023-12-13 02:01:00
3227,7568,5,Chegou rápido.,2023-09-23 15:49:00
3228,18920,5,Comida deliciosa.,2023-01-03 01:25:00
3229,3888,5,Recomendo!,2023-06-18 05:52:00
3230,15439,4,Muito bom!,2023-07-02 02:09:00
3231,1414,4,Chegou rápido.,2023-06-22 14:21:00
3232,18767,4,Chegou rápido.,2023-12-25 20:31:00
3233,2161,5,Excelente serviço.,2023-01-06 04:23:00
3234,7020,4,Excelente serviço.,2023-06-14 19:13:00
3235,9495,5,Comida deliciosa.,2023-03-30 17:53:00
3236,11103,5,Excelente serviço.,2023-05-15 18:49:00
3237,2553,5,Excelente serviço.,2023-06-09 03:50:00
3238,14719,4,Excelente serviço.,2023-06-17 04:00:00
3239,9384,5,Comida deliciosa.,2023-08-27 17:59:00
3240,5060,4,Chegou rápido.,2023-05-02 19:21:00
3241,13372,4,Excelente serviço.,2023-03-26 22:52:00
3242,4482,4,Comida deliciosa.,2023-01-12 10:54:00
3243,14132,3,Não gostei.,2023-07-02 09:57:00
3244,18766,2,Pedido errado.,2023-09-02 12:06:00
3245,19802,5,Recomendo!,2023-09-29 05:16:00
3246,6082,4,Chegou rápido.,2023-02-05 07:39:00
3247,4079,5,Excelente serviço.,2023-05-17 21:06:00
3248,551,5,Recomendo!,2023-11-06 20:02:00
3249,6973,5,Excelente serviço.,2023-10-07 01:07:00
3250,15946,3,Comida fria.,2023-12-31 14:36:00
3251,7433,5,Chegou rápido.,2023-06-03 04:33:00
3252,262,2,Comida fria.,2023-02-03 07:11:00
3253,17748,5,Recomendo!,2023-10-01 03:15:00
3254,19189,4,Chegou rápido.,2023-07-20 20:18:00
3255,460,5,Chegou rápido.,2023-03-13 07:37:00
3256,15327,5,Muito bom!,2023-12-03 09:42:00
3257,11733,5,Chegou rápido.,2023-06-27 03:52:00
3258,8691,5,Comida deliciosa.,2023-10-28 01:59:00
3259,724,5,Chegou rápido.,2023-04-06 02:18:00
3260,4262,5,Comida deliciosa.,2023-01-30 05:21:00
3261,17012,4,Muito bom!,2023-07-29 22:00:00
3262,6160,5,Muito bom!,2023-06-12 10:51:00
3263,12736,5,Excelente serviço.,2023-04-19 15:12:00
3264,5535,5,Comida deliciosa.,2023-11-13 00:46:00
3265,12203,5,Excelente serviço.,2023-04-29 03:34:00
3266,19289,1,Comida fria.,2023-06-06 13:55:00
3267,17548,4,Comida deliciosa.,2023-11-28 20:12:00
3268,9003,4,Comida deliciosa.,2023-09-17 07:49:00
3269,7327,5,Comida deliciosa.,2023-12-12 13:20:00
3270,8870,5,Excelente serviço.,2023-07-01 14:25:00
3271,2438,5,Comida deliciosa.,2023-08-16 11:58:00
3272,11814,5,Excelente serviço.,2023-08-01 13:48:00
3273,2528,5,Comida deliciosa.,2023-09-16 19:11:00
3274,1920,4,Recomendo!,2023-11-25 16:28:00
3275,4848,4,Excelente serviço.,2023-11-28 03:00:00
3276,7675,3,Pode melhorar.,2023-07-24 17:07:00
3277,15897,5,Chegou rápido.,2023-01-14 03:24:00
3278,2949,5,Recomendo!,2023-03-14 01:45:00
3279,2523,2,Não gostei.,2023-03-07 00:06:00
3280,15309,4,Chegou rápido.,2023-11-22 19:43:00
3281,3170,5,Chegou rápido.,2023-08-12 08:04:00
3282,2245,4,Muito bom!,2023-05-24 01:15:00
3283,12607,5,Excelente serviço.,2023-02-26 15:21:00
3284,4991,3,Não gostei.,2023-02-24 09:36:00
3285,16868,4,Muito bom!,2023-08-23 09:01:00
3286,14869,5,Chegou rápido.,2023-06-29 19:27:00
3287,14542,5,Comida deliciosa.,2023-01-29 10:12:00
3288,1386,5,Comida deliciosa.,2023-04-02 06:40:00
3289,8060,5,Comida deliciosa.,2023-10-15 02:18:00
3290,7611,1,Demorou muito.,2023-12-12 11:42:00
3291,13777,4,Muito bom!,2023-07-12 21:42:00
3292,4557,5,Comida deliciosa.,2024-01-01 09:36:00
3293,14246,4,Recomendo!,2023-05-13 04:42:00
3294,176,5,Recomendo!,2023-10-12 09:50:00
3295,19044,5,Comida deliciosa.,2023-06-28 09:24:00
3296,3151,5,Comida deliciosa.,2023-12-06 09:30:00
3297,12998,5,Recomendo!,2023-02-01 04:15:00
3298,18112,4,Chegou rápido.,2023-06-21 05:49:00
3299,3082,5,Recomendo!,2023-11-29 09:39:00
3300,10659,5,Excelente serviço.,2023-06-08 01:51:00
3301,6026,5,Recomendo!,2023-05-11 06:30:00
3302,16902,5,Chegou rápido.,2023-11-17 20:52:00
3303,2900,4,Chegou rápido.,2023-06-16 21:24:00
3304,15038,5,Chegou rápido.,2023-12-07 02:04:00
3305,13327,5,Recomendo!,2023-05-30 17:46:00
3306,1818,5,Chegou rápido.,2023-10-02 20:22:00
3307,2071,5,Comida deliciosa.,2023-06-08 07:16:00
3308,708,5,Recomendo!,2023-01-21 20:49:00
3309,8873,5,Chegou rápido.,2023-08-27 07:06:00
3310,18148,3,Comida fria.,2023-08-31 17:29:00
3311,19916,3,Pedido errado.,2023-07-18 20:49:00
3312,5845,5,Chegou rápido.,2023-04-16 18:30:00
3313,19245,5,Chegou rápido.,2023-11-12 18:17:00
3314,12008,5,Chegou rápido.,2023-12-23 03:13:00
3315,14625,5,Recomendo!,2023-02-08 10:32:00
3316,2534,3,Demorou muito.,2023-12-30 17:14:00
3317,8997,3,Não gostei.,2023-08-18 14:40:00
3318,1662,4,Muito bom!,2023-07-29 11:35:00
3319,17425,5,Muito bom!,2023-03-12 12:26:00
3320,13494,1,Não gostei.,2023-07-28 23:48:00
3321,5208,4,Chegou rápido.,2023-01-20 14:58:00
3322,4199,4,Chegou rápido.,2023-10-23 03:10:00
3323,4300,5,Chegou rápido.,2023-12-06 21:55:00
3324,9770,5,Comida deliciosa.,2023-12-17 04:56:00
3325,18661,5,Recomendo!,2023-01-17 23:46:00
3326,13235,5,Chegou rápido.,2023-12-31 22:54:00
3327,7786,5,Chegou rápido.,2023-01-29 05:38:00
3328,7705,5,Chegou rápido.,2023-06-23 18:13:00
3329,10992,5,Chegou rápido.,2023-05-02 05:35:00
3330,3887,5,Excelente serviço.,2023-05-07 12:32:00
3331,4181,5,Muito bom!,2023-12-11 11:04:00
3332,2844,2,Não gostei.,2023-08-05 00:53:00
3333,1535,3,Comida fria.,2023-03-18 06:41:00
3334,5178,5,Excelente serviço.,2023-10-08 15:19:00
3335,4305,1,Pedido errado.,2023-03-30 04:58:00
3336,18350,5,Muito bom!,2023-03-27 01:40:00
3337,16067,1,Não gostei.,2023-01-24 19:17:00
3338,1903,4,Muito bom!,2023-06-13 23:39:00
3339,10689,4,Comida deliciosa.,2023-02-28 15:00:00
3340,4867,5,Comida deliciosa.,2023-11-06 22:52:00
3341,4179,4,Recomendo!,2023-08-31 22:02:00
3342,14759,4,Muito bom!,2023-06-06 16:20:00
3343,9121,5,Recomendo!,2023-08-05 01:50:00
3344,14672,4,Muito bom!,2023-04-12 00:26:00
3345,498,5,Chegou rápido.,2023-04-07 01:18:00
3346,19286,4,Excelente serviço.,2023-04-23 12:54:00
3347,18668,4,Excelente serviço.,2023-02-14 05:17:00
3348,904,5,Recomendo!,2023-11-02 15:07:00
3349,19270,1,Demorou muito.,2023-02-08 16:42:00
3350,597,3,Comida fria.,2023-12-13 04:05:00
3351,16969,5,Muito bom!,2023-03-14 06:43:00
3352,16615,3,Pedido errado.,2023-04-26 18:36:00
3353,7780,5,Recomendo!,2023-09-24 07:33:00
3354,11763,5,Chegou rápido.,2023-10-06 16:33:00
3355,13520,5,Recomendo!,2023-10-30 22:00:00
3356,18805,3,Pedido errado.,2023-07-27 07:49:00
3357,4614,1,Pedido errado.,2023-02-24 05:42:00
3358,3947,2,Demorou muito.,2023-09-24 08:31:00
3359,15838,5,Excelente serviço.,2023-07-22 09:48:00
3360,13262,5,Comida deliciosa.,2023-10-07 10:35:00
3361,4190,1,Não gostei.,2023-05-28 05:59:00
3362,14148,4,Chegou rápido.,2023-06-27 21:31:00
3363,19758,4,Comida deliciosa.,2023-06-01 06:06:00
3364,13221,4,Comida deliciosa.,2023-06-19 15:09:00
3365,231,1,Pedido errado.,2023-02-14 05:53:00
3366,7259,4,Chegou rápido.,2023-08-06 06:34:00
3367,13055,5,Excelente serviço.,2023-03-27 16:09:00
3368,4177,4,Excelente serviço.,2023-11-08 12:40:00
3369,13540,1,Pode melhorar.,2023-11-02 22:02:00
3370,2210,5,Recomendo!,2023-09-04 21:32:00
3371,17185,5,Muito bom!,2023-02-14 07:26:00
3372,10623,5,Chegou rápido.,2023-09-23 08:24:00
3373,7896,5,Excelente serviço.,2023-04-26 21:04:00
3374,13450,5,Chegou rápido.,2023-03-03 14:50:00
3375,14286,4,Chegou rápido.,2023-03-16 12:59:00
3376,10426,5,Excelente serviço.,2023-06-16 20:47:00
3377,8361,4,Comida deliciosa.,2023-06-11 20:25:00
3378,12548,5,Muito bom!,2023-10-21 08:15:00
3379,19577,2,Comida fria.,2023-01-11 16:15:00
3380,2353,4,Muito bom!,2023-02-17 16:49:00
3381,13460,5,Chegou rápido.,2023-01-21 16:59:00
3382,16007,3,Demorou muito.,2023-03-31 02:48:00
3383,4992,5,Comida deliciosa.,2023-04-28 23:11:00
3384,9219,4,Recomendo!,2023-05-30 12:05:00
3385,3937,4,Excelente serviço.,2023-10-20 10:17:00
3386,11259,4,Chegou rápido.,2023-11-13 09:02:00
3387,8334,5,Muito bom!,2023-04-07 16:55:00
3388,18820,1,Pode melhorar.,2023-09-13 07:30:00
3389,5663,5,Excelente serviço.,2023-04-12 22:10:00
3390,5360,4,Muito bom!,2023-05-28 04:05:00
3391,17377,5,Muito bom!,2023-12-27 11:04:00
3392,12668,5,Comida deliciosa.,2023-03-24 03:44:00
3393,8907,4,Recomendo!,2023-12-22 14:26:00
3394,13551,4,Comida deliciosa.,2023-11-06 19:43:00
3395,3217,5,Muito bom!,2023-05-17 06:19:00
3396,15804,5,Chegou rápido.,2023-05-18 11:15:00
3397,5530,4,Muito bom!,2023-01-18 15:52:00
3398,2237,4,Muito bom!,2023-08-22 07:45:00
3399,14008,5,Muito bom!,2023-10-25 04:55:00
3400,6226,5,Chegou rápido.,2023-12-07 12:15:00
3401,9028,5,Muito bom!,2023-10-05 06:41:00
3402,19561,5,Excelente serviço.,2023-12-15 04:44:00
3403,18549,2,Comida fria.,2023-01-31 03:42:00
3404,4132,4,Excelente serviço.,2023-08-14 15:11:00
3405,13351,4,Comida deliciosa.,2023-08-18 23:13:00
3406,1091,3,Comida fria.,2023-04-02 21:51:00
3407,3805,4,Chegou rápido.,2023-10-19 20:08:00
3408,1503,5,Muito bom!,2023-03-06 20:51:00
3409,2052,5,Muito bom!,2023-10-23 00:43:00
3410,14179,4,Chegou rápido.,2023-05-04 13:24:00
3411,11513,5,Chegou rápido.,2023-03-12 23:34:00
3412,1839,5,Recomendo!,2023-08-26 22:53:00
3413,16634,5,Muito bom!,2023-11-16 21:46:00
3414,15678,5,Comida deliciosa.,2023-06-18 20:41:00
3415,15970,5,Recomendo!,2023-07-21 01:50:00
3416,138,5,Chegou rápido.,2023-03-31 11:56:00
3417,7909,5,Recomendo!,2023-11-06 09:51:00
3418,4011,5,Excelente serviço.,2023-05-13 13:17:00
3419,16496,5,Excelente serviço.,2023-11-22 03:48:00
3420,8548,5,Chegou rápido.,2023-12-22 02:30:00
3421,1286,5,Excelente serviço.,2023-04-27 03:20:00
3422,14131,5,Muito bom!,2023-09-28 22:39:00
3423,8785,4,Comida deliciosa.,2023-03-02 13:24:00
3424,8619,5,Recomendo!,2023-02-05 01:31:00
3425,19381,5,Chegou rápido.,2023-09-05 05:16:00
3426,13646,4,Chegou rápido.,2023-03-19 05:00:00
3427,13330,4,Comida deliciosa.,2023-04-23 13:08:00
3428,19356,4,Excelente serviço.,2023-06-21 02:50:00
3429,15049,4,Muito bom!,2023-10-02 16:10:00
3430,11629,5,Recomendo!,2023-01-07 07:34:00
3431,11806,5,Recomendo!,2023-10-01 14:08:00
3432,2208,4,Muito bom!,2023-01-10 22:03:00
3433,6868,3,Não gostei.,2023-01-27 00:38:00
3434,9523,4,Comida deliciosa.,2023-09-24 17:16:00
3435,5572,4,Comida deliciosa.,2023-07-29 11:26:00
3436,1939,3,Comida fria.,2023-09-12 00:57:00
3437,2625,4,Recomendo!,2023-11-17 23:19:00
3438,11999,4,Muito bom!,2023-12-28 16:02:00
3439,16065,4,Muito bom!,2023-08-18 06:37:00
3440,1787,5,Excelente serviço.,2023-02-21 21:59:00
3441,6475,5,Recomendo!,2023-04-04 06:58:00
3442,19740,4,Muito bom!,2023-12-20 15:50:00
3443,17122,3,Demorou muito.,2023-03-21 01:05:00
3444,18908,5,Recomendo!,2023-03-11 03:41:00
3445,16778,5,Muito bom!,2023-05-11 21:18:00
3446,18711,3,Comida fria.,2023-12-13 21:03:00
3447,4038,4,Recomendo!,2023-06-08 17:32:00
3448,10878,4,Excelente serviço.,2023-12-27 06:02:00
3449,11552,4,Comida deliciosa.,2023-02-19 00:36:00
3450,1751,5,Recomendo!,2023-10-31 10:06:00
3451,11915,5,Recomendo!,2023-01-22 08:27:00
3452,6397,5,Chegou rápido.,2023-01-10 17:40:00
3453,1824,4,Muito bom!,2023-05-29 12:10:00
3454,15730,4,Chegou rápido.,2023-07-03 13:43:00
3455,1598,4,Excelente serviço.,2023-12-04 21:51:00
3456,4718,5,Recomendo!,2023-09-07 06:00:00
3457,5180,4,Comida deliciosa.,2023-09-22 05:52:00
3458,3342,5,Muito bom!,2023-10-13 11:44:00
3459,9642,5,Chegou rápido.,2023-11-15 00:26:00
3460,19226,5,Recomendo!,2023-10-07 10:56:00
3461,8893,4,Comida deliciosa.,2023-10-12 10:00:00
3462,7972,5,Excelente serviço.,2023-01-20 13:08:00
3463,2109,4,Comida deliciosa.,2023-08-09 04:30:00
3464,1552,5,Chegou rápido.,2023-04-25 13:51:00
3465,7371,5,Recomendo!,2023-01-31 20:08:00
3466,3280,5,Comida deliciosa.,2023-09-16 22:06:00
3467,12450,4,Excelente serviço.,2023-03-21 02:51:00
3468,2177,5,Muito bom!,2023-05-20 08:27:00
3469,3538,5,Chegou rápido.,2023-10-11 22:28:00
3470,17558,4,Muito bom!,2023-04-21 18:27:00
3471,8704,5,Recomendo!,2023-01-06 05:03:00
3472,7630,5,Excelente serviço.,2023-01-21 19:00:00
3473,18248,1,Demorou muito.,2023-08-01 06:24:00
3474,10653,5,Muito bom!,2023-05-30 13:37:00
3475,10339,5,Excelente serviço.,2023-01-12 20:58:00
3476,14161,4,Chegou rápido.,2023-04-18 22:07:00
3477,4544,4,Muito bom!,2023-02-13 03:17:00
3478,5697,5,Comida deliciosa.,2023-03-27 16:50:00
3479,10618,4,Excelente serviço.,2023-01-19 20:10:00
3480,9740,5,Recomendo!,2023-10-01 12:27:00
3481,18602,5,Chegou rápido.,2023-05-08 00:21:00
3482,12432,4,Excelente serviço.,2023-02-04 00:56:00
3483,10322,5,Chegou rápido.,2023-11-03 01:54:00
3484,641,4,Muito bom!,2023-03-28 12:35:00
3485,5839,5,Chegou rápido.,2023-07-05 23:00:00
3486,17921,3,Pode melhorar.,2023-11-09 19:00:00
3487,1769,5,Comida deliciosa.,2023-08-09 10:10:00
3488,9285,5,Recomendo!,2023-05-24 05:10:00
3489,5785,5,Comida deliciosa.,2023-04-12 13:38:00
3490,6007,5,Excelente serviço.,2023-04-28 02:18:00
3491,7492,5,Excelente serviço.,2023-02-01 22:32:00
3492,469,5,Comida deliciosa.,2023-05-18 22:50:00
3493,9057,5,Comida deliciosa.,2023-04-15 23:42:00
3494,5922,5,Excelente serviço.,2023-08-14 19:15:00
3495,12591,5,Chegou rápido.,2023-12-23 15:40:00
3496,17744,4,Muito bom!,2023-04-24 15:08:00
3497,3891,5,Chegou rápido.,2023-12-10 10:38:00
3498,15027,5,Recomendo!,2023-08-17 08:05:00
3499,13518,3,Pode melhorar.,2023-06-28 00:12:00
3500,3807,4,Comida deliciosa.,2023-06-29 06:28:00
3501,12734,4,Recomendo!,2023-02-11 23:37:00
3502,4026,5,Comida deliciosa.,2023-02-23 13:30:00
3503,7209,5,Recomendo!,2023-09-21 04:04:00
3504,16233,5,Chegou rápido.,2023-04-15 01:05:00
3505,19949,4,Comida deliciosa.,2023-05-05 09:28:00
3506,18052,3,Pedido errado.,2023-05-15 12:37:00
3507,8645,4,Muito bom!,2023-09-24 08:17:00
3508,2211,5,Recomendo!,2023-02-22 02:18:00
3509,11203,4,Recomendo!,2023-03-25 16:45:00
3510,7716,2,Pedido errado.,2023-05-04 21:48:00
3511,3207,4,Muito bom!,2023-12-03 08:14:00
3512,5456,1,Pedido errado.,2023-03-26 08:50:00
3513,17316,5,Recomendo!,2023-11-10 16:09:00
3514,3370,4,Muito bom!,2023-06-24 08:23:00
3515,12547,5,Comida deliciosa.,2023-08-01 03:23:00
3516,10387,4,Excelente serviço.,2023-03-21 17:54:00
3517,14406,4,Chegou rápido.,2023-02-08 10:35:00
3518,18208,5,Muito bom!,2023-06-23 05:17:00
3519,15956,5,Muito bom!,2023-09-06 08:01:00
3520,2307,4,Recomendo!,2023-05-09 08:26:00
3521,14223,2,Pode melhorar.,2023-03-12 16:04:00
3522,7714,5,Comida deliciosa.,2023-05-15 23:57:00
3523,4320,3,Pode melhorar.,2023-09-21 15:39:00
3524,4680,5,Recomendo!,2023-09-15 06:51:00
3525,15691,4,Comida deliciosa.,2023-03-12 13:53:00
3526,19105,5,Chegou rápido.,2023-02-22 06:05:00
3527,4862,3,Demorou muito.,2023-04-18 04:26:00
3528,10486,5,Comida deliciosa.,2023-07-03 13:59:00
3529,2958,5,Muito bom!,2023-10-03 18:37:00
3530,11223,1,Não gostei.,2023-02-25 11:24:00
3531,11321,5,Muito bom!,2023-02-21 22:47:00
3532,7728,5,Comida deliciosa.,2023-10-27 22:46:00
3533,6111,5,Comida deliciosa.,2023-12-22 23:02:00
3534,17869,4,Chegou rápido.,2023-03-09 17:03:00
3535,13497,5,Comida deliciosa.,2023-09-01 03:00:00
3536,6464,2,Não gostei.,2023-08-17 16:56:00
3537,6660,2,Demorou muito.,2023-08-07 10:02:00
3538,11594,3,Pode melhorar.,2023-07-15 02:09:00
3539,19388,5,Chegou rápido.,2023-12-23 13:10:00
3540,9023,5,Muito bom!,2023-06-07 03:04:00
3541,9948,4,Comida deliciosa.,2023-08-15 12:53:00
3542,6451,4,Chegou rápido.,2023-09-08 21:07:00
3543,9983,5,Muito bom!,2023-08-30 14:19:00
3544,4581,5,Recomendo!,2023-03-29 05:56:00
3545,8345,4,Muito bom!,2023-02-16 00:08:00
3546,1466,5,Chegou rápido.,2023-09-12 10:01:00
3547,8557,4,Muito bom!,2023-10-12 23:14:00
3548,9474,3,Pedido errado.,2023-09-05 07:36:00
3549,8926,5,Recomendo!,2023-05-11 17:42:00
3550,16345,5,Excelente serviço.,2023-07-30 15:13:00
3551,8118,5,Chegou rápido.,2023-08-19 22:05:00
3552,8373,5,Recomendo!,2023-05-18 20:20:00
3553,9730,5,Comida deliciosa.,2023-09-03 05:49:00
3554,9700,5,Comida deliciosa.,2023-09-06 11:52:00
3555,19815,5,Muito bom!,2023-09-03 16:01:00
3556,13987,2,Demorou muito.,2023-02-11 15:58:00
3557,10922,5,Chegou rápido.,2023-12-05 04:03:00
3558,5971,4,Comida deliciosa.,2023-11-29 04:39:00
3559,2719,5,Comida deliciosa.,2023-04-07 23:30:00
3560,5929,5,Chegou rápido.,2023-02-20 07:26:00
3561,18320,4,Excelente serviço.,2023-10-10 14:27:00
3562,11794,1,Pode melhorar.,2023-01-17 19:30:00
3563,17455,4,Excelente serviço.,2023-04-06 04:48:00
3564,18787,3,Pode melhorar.,2023-09-29 08:16:00
3565,14313,3,Comida fria.,2023-08-11 00:33:00
3566,13528,5,Excelente serviço.,2023-11-22 17:19:00
3567,7308,3,Comida fria.,2023-11-16 10:17:00
3568,10678,4,Comida deliciosa.,2023-04-25 23:18:00
3569,18775,5,Excelente serviço.,2023-03-31 12:19:00
3570,1227,5,Comida deliciosa.,2023-03-07 11:44:00
3571,7478,5,Excelente serviço.,2023-04-11 07:32:00
3572,4100,5,Excelente serviço.,2023-08-22 20:01:00
3573,19994,5,Excelente serviço.,2023-08-14 22:01:00
3574,2626,5,Chegou rápido.,2023-03-14 03:19:00
3575,917,4,Excelente serviço.,2023-08-16 14:52:00
3576,11967,5,Recomendo!,2023-03-26 15:33:00
3577,4356,5,Excelente serviço.,2023-12-17 01:49:00
3578,8918,3,Comida fria.,2023-09-17 05:45:00
3579,11720,4,Muito bom!,2023-05-04 08:48:00
3580,6599,5,Excelente serviço.,2023-07-31 07:18:00
3581,2082,2,Pode melhorar.,2023-05-25 03:47:00
3582,11438,5,Muito bom!,2023-05-08 02:39:00
3583,363,5,Recomendo!,2023-07-16 15:45:00
3584,5175,4,Muito bom!,2023-11-13 03:32:00
3585,18275,5,Chegou rápido.,2023-09-27 07:23:00
3586,14045,3,Pedido errado.,2023-06-07 17:36:00
3587,14584,3,Não gostei.,2023-01-30 09:09:00
3588,13620,4,Recomendo!,2023-02-01 09:37:00
3589,14473,5,Excelente serviço.,2023-10-22 17:19:00
3590,8257,4,Comida deliciosa.,2023-03-14 13:59:00
3591,15257,5,Recomendo!,2023-10-03 21:21:00
3592,9656,5,Comida deliciosa.,2023-05-10 14:20:00
3593,5419,3,Pedido errado.,2023-04-20 18:08:00
3594,19705,2,Pedido errado.,2023-01-27 10:31:00
3595,3685,5,Excelente serviço.,2023-12-23 09:33:00
3596,8710,4,Comida deliciosa.,2023-12-29 06:48:00
3597,6298,5,Recomendo!,2023-07-02 12:58:00
3598,3470,4,Chegou rápido.,2023-11-19 19:20:00
3599,9030,4,Excelente serviço.,2023-12-22 03:39:00
3600,19934,1,Não gostei.,2023-02-19 22:52:00
3601,5470,5,Excelente serviço.,2023-05-22 16:53:00
3602,13292,5,Comida deliciosa.,2023-03-03 10:10:00
3603,17774,2,Pode melhorar.,2023-10-10 01:25:00
3604,3355,3,Comida fria.,2023-01-06 01:51:00
3605,19776,5,Muito bom!,2023-02-16 03:53:00
3606,1391,5,Recomendo!,2023-06-30 07:15:00
3607,16922,4,Recomendo!,2023-01-08 09:42:00
3608,7441,5,Chegou rápido.,2023-01-21 18:17:00
3609,10790,3,Pode melhorar.,2023-12-11 19:49:00
3610,9163,1,Demorou muito.,2023-07-17 13:38:00
3611,6084,2,Pode melhorar.,2023-12-05 18:49:00
3612,10608,5,Muito bom!,2023-01-07 07:16:00
3613,11174,5,Excelente serviço.,2023-08-20 22:09:00
3614,12971,1,Demorou muito.,2023-12-08 07:30:00
3615,14783,5,Chegou rápido.,2023-09-17 16:34:00
3616,5102,5,Muito bom!,2023-01-20 12:34:00
3617,6070,5,Comida deliciosa.,2023-12-06 11:33:00
3618,12930,5,Excelente serviço.,2023-12-16 19:42:00
3619,19403,3,Pode melhorar.,2023-05-19 22:11:00
3620,18980,4,Muito bom!,2023-10-18 16:39:00
3621,17889,4,Recomendo!,2023-03-18 22:03:00
3622,12848,4,Muito bom!,2023-01-30 02:05:00
3623,18979,1,Não gostei.,2023-03-23 06:12:00
3624,15655,3,Pode melhorar.,2023-04-01 19:33:00
3625,12818,5,Chegou rápido.,2023-04-23 01:08:00
3626,18986,4,Excelente serviço.,2023-01-17 18:17:00
3627,15505,3,Comida fria.,2023-05-30 06:21:00
3628,3620,4,Recomendo!,2023-05-22 16:56:00
3629,19483,4,Chegou rápido.,2023-12-03 12:46:00
3630,18871,5,Chegou rápido.,2023-12-05 07:52:00
3631,11053,4,Excelente serviço.,2023-12-04 05:29:00
3632,7237,4,Recomendo!,2023-09-17 19:20:00
3633,17469,4,Comida deliciosa.,2023-03-08 19:20:00
3634,19747,4,Chegou rápido.,2023-12-20 18:04:00
3635,4646,5,Muito bom!,2023-10-16 01:06:00
3636,16285,1,Demorou muito.,2023-07-04 23:19:00
3637,8581,4,Muito bom!,2023-06-23 19:44:00
3638,11483,4,Recomendo!,2023-02-17 09:31:00
3639,2726,4,Chegou rápido.,2023-08-11 08:48:00
3640,795,4,Muito bom!,2023-07-18 05:37:00
3641,16088,5,Comida deliciosa.,2023-07-20 11:51:00
3642,18949,4,Chegou rápido.,2023-11-07 06:25:00
3643,7532,4,Excelente serviço.,2023-05-20 13:02:00
3644,13875,4,Muito bom!,2023-04-24 22:44:00
3645,4479,3,Pedido errado.,2023-03-14 01:04:00
3646,7511,4,Recomendo!,2023-04-03 04:22:00
3647,17779,5,Chegou rápido.,2023-08-24 10:15:00
3648,6389,4,Chegou rápido.,2023-06-04 14:25:00
3649,9924,5,Muito bom!,2023-11-27 08:54:00
3650,18173,3,Pode melhorar.,2023-01-20 13:22:00
3651,1151,4,Muito bom!,2023-10-27 22:47:00
3652,228,4,Recomendo!,2023-07-25 20:34:00
3653,702,5,Recomendo!,2023-09-02 16:16:00
3654,1396,5,Recomendo!,2023-09-18 21:37:00
3655,9737,5,Muito bom!,2023-04-24 03:33:00
3656,17557,4,Muito bom!,2023-07-05 17:59:00
3657,18108,5,Chegou rápido.,2023-02-11 05:17:00
3658,9002,4,Excelente serviço.,2023-05-07 08:21:00
3659,11765,1,Não gostei.,2023-11-27 00:26:00
3660,11960,5,Recomendo!,2023-05-13 04:44:00
3661,15724,5,Chegou rápido.,2023-08-15 05:57:00
3662,2541,1,Demorou muito.,2023-03-28 08:00:00
3663,3957,2,Pedido errado.,2023-01-02 00:00:00
3664,16890,4,Excelente serviço.,2023-10-25 13:20:00
3665,8377,4,Muito bom!,2023-09-13 15:48:00
3666,7425,4,Chegou rápido.,2023-07-10 15:39:00
3667,5356,1,Não gostei.,2023-06-06 03:56:00
3668,11847,2,Pedido errado.,2023-05-30 09:35:00
3669,7981,4,Comida deliciosa.,2023-11-06 07:05:00
3670,6507,5,Chegou rápido.,2023-11-27 20:43:00
3671,2998,5,Recomendo!,2023-03-25 01:07:00
3672,9322,5,Chegou rápido.,2023-08-15 14:41:00
3673,3226,5,Excelente serviço.,2023-03-23 07:53:00
3674,16605,5,Chegou rápido.,2023-10-25 06:43:00
3675,9117,4,Recomendo!,2023-06-26 09:14:00
3676,7686,5,Excelente serviço.,2023-04-27 21:50:00
3677,15810,1,Pode melhorar.,2023-06-17 00:51:00
3678,19322,5,Excelente serviço.,2023-09-23 06:17:00
3679,18178,4,Excelente serviço.,2023-06-29 14:06:00
3680,2047,5,Chegou rápido.,2023-07-02 00:35:00
3681,9332,5,Comida deliciosa.,2023-06-22 04:03:00
3682,5388,5,Muito bom!,2023-06-29 06:09:00
3683,12852,5,Comida deliciosa.,2023-03-19 22:11:00
3684,12308,3,Não gostei.,2023-05-03 21:54:00
3685,14212,4,Recomendo!,2023-11-26 09:12:00
3686,14401,3,Pedido errado.,2023-03-21 01:58:00
3687,2843,5,Chegou rápido.,2023-06-28 15:29:00
3688,3527,4,Excelente serviço.,2023-06-13 15:01:00
3689,9824,4,Comida deliciosa.,2023-11-15 12:28:00
3690,15625,5,Recomendo!,2023-07-14 14:08:00
3691,16153,3,Não gostei.,2023-06-04 11:36:00
3692,19942,5,Muito bom!,2023-07-05 16:36:00
3693,19587,4,Excelente serviço.,2023-10-25 22:04:00
3694,11175,4,Comida deliciosa.,2023-10-14 03:01:00
3695,10978,5,Chegou rápido.,2023-06-29 05:54:00
3696,14541,5,Comida deliciosa.,2023-10-20 18:57:00
3697,15900,4,Comida deliciosa.,2023-11-11 05:16:00
3698,17945,5,Recomendo!,2023-09-23 07:41:00
3699,11539,5,Recomendo!,2023-11-25 13:12:00
3700,12827,5,Excelente serviço.,2023-01-07 04:46:00
3701,6329,4,Comida deliciosa.,2023-09-28 20:06:00
3702,7639,5,Comida deliciosa.,2023-04-05 18:53:00
3703,6494,5,Recomendo!,2023-03-02 22:34:00
3704,11221,4,Excelente serviço.,2023-06-24 09:12:00
3705,14906,4,Recomendo!,2023-07-02 10:23:00
3706,16412,2,Pedido errado.,2023-05-24 11:42:00
3707,329,5,Excelente serviço.,2023-06-20 23:40:00
3708,7730,5,Muito bom!,2023-08-23 14:46:00
3709,11352,1,Pode melhorar.,2023-10-23 02:13:00
3710,7068,5,Excelente serviço.,2023-08-28 17:40:00
3711,4588,4,Recomendo!,2023-06-10 08:38:00
3712,17580,5,Recomendo!,2023-03-28 17:51:00
3713,8721,2,Não gostei.,2023-07-21 13:04:00
3714,9202,5,Recomendo!,2023-11-02 03:17:00
3715,12554,2,Pedido errado.,2023-10-14 14:30:00
3716,5942,4,Chegou rápido.,2023-11-15 15:43:00
3717,16578,5,Muito bom!,2023-01-04 01:34:00
3718,19643,4,Comida deliciosa.,2023-01-30 14:22:00
3719,6318,5,Excelente serviço.,2023-01-12 22:58:00
3720,12817,4,Comida deliciosa.,2023-01-28 10:51:00
3721,16195,5,Recomendo!,2023-06-24 01:34:00
3722,14278,5,Comida deliciosa.,2023-05-01 08:47:00
3723,2015,5,Comida deliciosa.,2023-01-15 00:03:00
3724,8358,4,Chegou rápido.,2023-07-04 10:53:00
3725,473,5,Recomendo!,2023-03-09 19:36:00
3726,15300,1,Não gostei.,2023-11-25 03:28:00
3727,2363,5,Excelente serviço.,2023-05-31 20:17:00
3728,3441,4,Recomendo!,2023-04-04 17:08:00
3729,16961,5,Excelente serviço.,2023-05-09 01:25:00
3730,8476,5,Muito bom!,2023-12-12 08:02:00
3731,13296,5,Comida deliciosa.,2023-10-12 05:48:00
3732,9455,3,Não gostei.,2023-11-29 19:39:00
3733,16120,1,Comida fria.,2023-07-07 06:08:00
3734,19017,1,Pedido errado.,2023-01-20 02:21:00
3735,5389,4,Chegou rápido.,2023-12-13 11:49:00
3736,7843,5,Recomendo!,2023-03-21 09:29:00
3737,5442,5,Muito bom!,2023-08-18 05:39:00
3738,6948,5,Chegou rápido.,2023-03-13 03:36:00
3739,5640,4,Chegou rápido.,2023-05-31 19:53:00
3740,15080,4,Chegou rápido.,2023-05-19 15:22:00
3741,19495,4,Recomendo!,2023-05-30 15:30:00
3742,15382,4,Recomendo!,2023-11-29 20:26:00
3743,990,5,Chegou rápido.,2023-09-09 00:03:00
3744,13705,1,Demorou muito.,2023-03-19 20:48:00
3745,19531,4,Chegou rápido.,2023-08-13 20:41:00
3746,7442,5,Recomendo!,2023-10-28 10:40:00
3747,19360,3,Pode melhorar.,2023-01-06 07:10:00
3748,3444,5,Excelente serviço.,2023-12-10 03:58:00
3749,4530,4,Recomendo!,2023-12-25 18:25:00
3750,1721,5,Comida deliciosa.,2023-08-08 14:52:00
3751,4925,4,Recomendo!,2023-08-01 19:15:00
3752,5947,4,Chegou rápido.,2023-02-06 16:52:00
3753,3042,5,Muito bom!,2023-03-17 18:12:00
3754,7457,1,Pode melhorar.,2023-06-16 19:37:00
3755,19452,5,Recomendo!,2023-01-26 02:20:00
3756,16176,5,Muito bom!,2023-07-07 02:52:00
3757,13532,3,Pode melhorar.,2023-12-15 16:51:00
3758,15741,5,Comida deliciosa.,2023-07-02 05:42:00
3759,3117,5,Excelente serviço.,2023-10-07 05:33:00
3760,8996,4,Chegou rápido.,2023-08-01 02:29:00
3761,13630,5,Comida deliciosa.,2023-08-02 15:09:00
3762,4170,5,Recomendo!,2023-03-13 21:22:00
3763,11105,4,Muito bom!,2023-02-14 02:40:00
3764,6859,5,Recomendo!,2023-08-07 22:01:00
3765,301,4,Muito bom!,2023-02-03 17:34:00
3766,11237,5,Recomendo!,2023-02-07 06:26:00
3767,14675,5,Recomendo!,2023-12-24 00:08:00
3768,12582,3,Pode melhorar.,2023-09-10 08:43:00
3769,5762,4,Muito bom!,2023-12-31 17:42:00
3770,2375,4,Muito bom!,2023-07-29 11:04:00
3771,9547,4,Comida deliciosa.,2023-10-17 21:48:00
3772,15351,5,Recomendo!,2023-12-20 14:01:00
3773,1534,5,Chegou rápido.,2023-12-29 05:19:00
3774,2424,5,Recomendo!,2023-06-07 18:41:00
3775,16119,4,Comida deliciosa.,2023-11-22 18:25:00
3776,17332,4,Chegou rápido.,2023-10-20 02:56:00
3777,13251,2,Não gostei.,2023-11-03 11:02:00
3778,2524,4,Chegou rápido.,2023-12-25 11:33:00
3779,17664,4,Muito bom!,2023-11-01 17:11:00
3780,15635,5,Chegou rápido.,2023-10-27 01:59:00
3781,7226,5,Chegou rápido.,2023-12-17 13:28:00
3782,17752,5,Recomendo!,2023-10-18 06:16:00
3783,13144,4,Recomendo!,2024-01-02 08:51:00
3784,7299,4,Muito bom!,2023-08-14 22:24:00
3785,3144,5,Recomendo!,2023-12-01 22:57:00
3786,12334,5,Chegou rápido.,2023-03-19 13:08:00
3787,1378,5,Comida deliciosa.,2023-12-21 04:44:00
3788,10467,4,Comida deliciosa.,2023-07-31 01:16:00
3789,11642,5,Muito bom!,2023-06-11 14:53:00
3790,10085,1,Demorou muito.,2023-04-24 19:31:00
3791,19357,5,Chegou rápido.,2023-10-19 07:32:00
3792,13426,5,Recomendo!,2023-09-14 09:59:00
3793,14731,5,Chegou rápido.,2023-03-05 01:27:00
3794,10532,5,Excelente serviço.,2023-03-02 07:05:00
3795,3312,3,Demorou muito.,2023-03-24 06:51:00
3796,7335,5,Recomendo!,2023-02-28 00:58:00
3797,2617,3,Pedido errado.,2023-02-25 21:50:00
3798,1699,5,Muito bom!,2023-01-04 07:02:00
3799,1658,5,Muito bom!,2023-10-03 18:26:00
3800,17715,1,Comida fria.,2023-03-02 22:18:00
3801,8213,3,Comida fria.,2023-02-28 02:45:00
3802,16081,4,Recomendo!,2023-10-23 03:07:00
3803,17578,5,Chegou rápido.,2023-08-19 03:27:00
3804,2582,5,Comida deliciosa.,2023-10-19 19:19:00
3805,19035,5,Comida deliciosa.,2023-08-20 06:00:00
3806,6201,4,Excelente serviço.,2023-03-05 04:45:00
3807,17562,1,Não gostei.,2023-06-03 05:57:00
3808,1324,4,Excelente serviço.,2023-03-17 05:12:00
3809,13757,2,Comida fria.,2023-02-08 22:32:00
3810,3649,5,Recomendo!,2023-12-29 04:35:00
3811,1838,5,Excelente serviço.,2023-03-22 20:28:00
3812,6190,5,Comida deliciosa.,2023-07-07 23:20:00
3813,4324,5,Chegou rápido.,2023-06-07 12:12:00
3814,8512,4,Chegou rápido.,2023-06-26 02:29:00
3815,17262,4,Muito bom!,2023-08-21 06:03:00
3816,4344,4,Recomendo!,2023-12-28 16:33:00
3817,6296,3,Pode melhorar.,2023-10-13 05:32:00
3818,979,5,Excelente serviço.,2023-06-10 03:57:00
3819,546,5,Comida deliciosa.,2023-07-30 18:26:00
3820,8967,5,Excelente serviço.,2023-11-13 18:12:00
3821,16768,5,Chegou rápido.,2023-11-17 09:23:00
3822,3376,5,Chegou rápido.,2023-05-16 09:42:00
3823,4525,4,Recomendo!,2023-02-16 14:55:00
3824,4824,5,Comida deliciosa.,2023-09-10 17:01:00
3825,9406,5,Chegou rápido.,2023-11-24 01:30:00
3826,6466,4,Excelente serviço.,2023-03-07 23:43:00
3827,14317,2,Pedido errado.,2023-03-25 16:27:00
3828,12551,5,Chegou rápido.,2023-12-28 10:13:00
3829,16268,4,Comida deliciosa.,2023-07-28 16:41:00
3830,7572,2,Pedido errado.,2023-11-08 12:47:00
3831,90,4,Chegou rápido.,2023-11-18 13:00:00
3832,575,5,Excelente serviço.,2023-01-31 00:12:00
3833,18045,5,Comida deliciosa.,2023-06-17 20:58:00
3834,11985,1,Não gostei.,2023-07-05 00:53:00
3835,582,5,Muito bom!,2023-01-15 07:17:00
3836,17644,4,Muito bom!,2023-06-06 18:26:00
3837,18482,5,Comida deliciosa.,2023-03-15 06:33:00
3838,87,5,Recomendo!,2023-03-01 18:59:00
3839,17467,4,Comida deliciosa.,2023-08-15 16:09:00
3840,488,4,Recomendo!,2023-12-15 00:03:00
3841,2465,1,Demorou muito.,2023-08-27 10:33:00
3842,14526,3,Pedido errado.,2023-06-17 01:43:00
3843,1056,5,Chegou rápido.,2023-01-02 16:55:00
3844,3558,4,Chegou rápido.,2023-01-21 18:16:00
3845,11451,4,Chegou rápido.,2023-02-10 00:01:00
3846,17410,5,Comida deliciosa.,2023-03-13 18:41:00
3847,3434,5,Chegou rápido.,2023-02-23 17:44:00
3848,6370,4,Comida deliciosa.,2023-08-29 13:42:00
3849,17968,5,Excelente serviço.,2023-10-31 04:24:00
3850,10772,4,Recomendo!,2024-01-02 06:41:00
3851,18496,5,Comida deliciosa.,2023-12-06 19:50:00
3852,4703,5,Muito bom!,2023-09-27 02:01:00
3853,3279,5,Chegou rápido.,2023-05-05 09:41:00
3854,3561,5,Recomendo!,2023-10-22 17:39:00
3855,1025,5,Chegou rápido.,2023-09-13 18:29:00
3856,9469,5,Excelente serviço.,2023-09-28 04:49:00
3857,6774,4,Excelente serviço.,2023-03-29 17:41:00
3858,6637,4,Comida deliciosa.,2023-12-19 23:41:00
3859,4256,4,Recomendo!,2023-06-21 02:07:00
3860,12739,5,Muito bom!,2023-01-07 15:19:00
3861,9000,5,Recomendo!,2023-09-08 13:01:00
3862,13734,3,Demorou muito.,2023-05-10 00:19:00
3863,8215,5,Muito bom!,2023-12-08 10:10:00
3864,2908,3,Comida fria.,2023-05-23 08:08:00
3865,8479,5,Comida deliciosa.,2023-12-08 03:50:00
3866,10372,3,Pedido errado.,2023-02-02 00:06:00
3867,6684,3,Pode melhorar.,2023-01-16 06:13:00
3868,18040,5,Chegou rápido.,2023-07-16 12:43:00
3869,17454,5,Excelente serviço.,2023-02-11 21:25:00
3870,185,4,Chegou rápido.,2023-12-20 05:07:00
3871,448,5,Comida deliciosa.,2023-03-16 11:46:00
3872,4426,5,Excelente serviço.,2023-04-23 09:19:00
3873,2914,4,Chegou rápido.,2023-11-30 14:01:00
3874,5664,5,Muito bom!,2023-07-18 12:14:00
3875,6496,2,Demorou muito.,2023-01-20 05:59:00
3876,16653,4,Recomendo!,2023-09-25 18:11:00
3877,6831,5,Chegou rápido.,2023-01-13 00:04:00
3878,9553,4,Muito bom!,2023-04-28 15:34:00
3879,9734,2,Comida fria.,2023-02-19 19:35:00
3880,12592,4,Chegou rápido.,2023-12-22 05:13:00
3881,14694,3,Demorou muito.,2023-02-26 20:16:00
3882,13985,5,Recomendo!,2023-03-15 08:41:00
3883,17633,5,Comida deliciosa.,2023-08-08 05:52:00
3884,14929,5,Recomendo!,2023-05-31 23:04:00
3885,18795,5,Excelente serviço.,2023-04-29 19:02:00
3886,11761,3,Pode melhorar.,2023-04-06 17:46:00
3887,13100,4,Comida deliciosa.,2024-01-01 03:36:00
3888,4266,5,Comida deliciosa.,2023-08-12 20:20:00
3889,16808,2,Demorou muito.,2023-12-02 20:07:00
3890,2084,5,Recomendo!,2023-04-11 17:22:00
3891,15957,3,Comida fria.,2023-08-11 06:58:00
3892,4,4,Excelente serviço.,2023-04-25 15:57:00
3893,12855,2,Pedido errado.,2023-03-03 21:31:00
3894,18236,5,Chegou rápido.,2023-06-27 02:06:00
3895,9735,4,Muito bom!,2023-02-24 05:05:00
3896,13744,5,Excelente serviço.,2023-11-27 12:28:00
3897,3289,4,Muito bom!,2023-04-05 18:30:00
3898,17898,4,Comida deliciosa.,2023-02-09 07:05:00
3899,4206,4,Excelente serviço.,2023-03-09 20:06:00
3900,18220,5,Recomendo!,2023-02-04 06:33:00
3901,9031,1,Pedido errado.,2023-08-21 06:49:00
3902,17750,4,Recomendo!,2023-06-13 18:12:00
3903,1189,5,Recomendo!,2023-12-23 03:56:00
3904,11035,5,Recomendo!,2023-08-04 23:22:00
3905,19574,2,Pode melhorar.,2023-06-01 02:01:00
3906,10363,5,Recomendo!,2023-02-22 15:52:00
3907,7523,5,Muito bom!,2023-08-29 21:03:00
3908,9681,4,Muito bom!,2023-11-30 07:18:00
3909,11206,2,Comida fria.,2023-09-01 00:07:00
3910,11758,5,Recomendo!,2023-02-07 03:15:00
3911,6930,4,Chegou rápido.,2023-01-23 04:03:00
3912,6670,2,Pedido errado.,2023-09-04 23:58:00
3913,12050,5,Comida deliciosa.,2023-12-08 14:46:00
3914,15693,4,Recomendo!,2023-09-25 08:04:00
3915,5391,5,Muito bom!,2023-11-23 23:49:00
3916,6132,4,Recomendo!,2023-09-01 08:09:00
3917,10573,4,Excelente serviço.,2024-01-02 01:45:00
3918,18046,5,Muito bom!,2023-06-28 13:17:00
3919,1963,4,Comida deliciosa.,2023-09-20 18:35:00
3920,1270,5,Chegou rápido.,2023-11-18 03:37:00
3921,4907,2,Pode melhorar.,2023-08-29 20:36:00
3922,13078,4,Muito bom!,2023-06-15 19:08:00
3923,17428,5,Excelente serviço.,2023-05-24 09:12:00
3924,10210,4,Chegou rápido.,2023-12-21 21:39:00
3925,18814,5,Recomendo!,2023-10-04 08:37:00
3926,19738,3,Não gostei.,2023-06-25 22:00:00
3927,6853,4,Chegou rápido.,2023-08-26 04:20:00
3928,14961,5,Chegou rápido.,2023-11-06 14:12:00
3929,14425,3,Não gostei.,2023-05-11 17:20:00
3930,3315,4,Muito bom!,2023-05-15 05:47:00
3931,4589,5,Chegou rápido.,2023-01-27 13:16:00
3932,2154,5,Recomendo!,2023-03-12 11:50:00
3933,680,3,Pode melhorar.,2023-06-18 09:09:00
3934,6182,5,Comida deliciosa.,2023-05-14 02:10:00
3935,7076,4,Comida deliciosa.,2023-05-10 09:30:00
3936,10917,4,Muito bom!,2023-08-22 00:37:00
3937,46,5,Excelente serviço.,2023-04-21 17:36:00
3938,4598,4,Excelente serviço.,2023-01-15 16:16:00
3939,9804,5,Recomendo!,2023-02-21 01:44:00
3940,17689,5,Chegou rápido.,2023-10-21 13:33:00
3941,4933,5,Comida deliciosa.,2023-04-24 08:58:00
3942,16361,2,Pedido errado.,2023-05-28 21:43:00
3943,11084,3,Demorou muito.,2023-06-05 13:07:00
3944,17395,5,Chegou rápido.,2023-09-11 14:44:00
3945,18528,2,Comida fria.,2023-11-19 23:48:00
3946,6122,3,Comida fria.,2023-11-14 05:44:00
3947,9597,5,Muito bom!,2023-07-23 11:32:00
3948,19698,5,Excelente serviço.,2023-04-16 18:03:00
3949,2173,5,Chegou rápido.,2023-05-03 18:29:00
3950,4187,5,Comida deliciosa.,2023-04-13 08:09:00
3951,5070,4,Comida deliciosa.,2023-03-01 06:15:00
3952,17005,5,Excelente serviço.,2023-06-06 23:43:00
3953,13352,5,Excelente serviço.,2023-04-18 00:41:00
3954,6985,5,Recomendo!,2023-02-27 20:57:00
3955,4625,4,Muito bom!,2023-09-21 01:28:00
3956,17061,5,Excelente serviço.,2023-10-02 20:41:00
3957,7426,1,Comida fria.,2023-07-22 23:34:00
3958,14358,4,Recomendo!,2023-08-14 02:07:00
3959,11462,5,Chegou rápido.,2023-06-30 23:53:00
3960,8978,5,Muito bom!,2023-04-04 04:45:00
3961,2011,2,Pode melhorar.,2023-08-30 09:37:00
3962,18093,3,Demorou muito.,2023-01-11 05:12:00
3963,13471,4,Excelente serviço.,2023-09-07 17:29:00
3964,17554,4,Excelente serviço.,2023-07-10 19:01:00
3965,15216,4,Chegou rápido.,2023-07-14 09:27:00
3966,9593,5,Excelente serviço.,2023-05-06 02:17:00
3967,7530,3,Não gostei.,2023-11-06 23:16:00
3968,14589,5,Excelente serviço.,2023-01-22 04:10:00
3969,16497,1,Não gostei.,2023-06-23 01:03:00
3970,16476,4,Muito bom!,2023-07-22 18:39:00
3971,538,4,Comida deliciosa.,2023-05-22 15:32:00
3972,4898,5,Muito bom!,2023-06-17 08:32:00
3973,9659,4,Excelente serviço.,2023-05-23 04:13:00
3974,5259,5,Comida deliciosa.,2023-11-01 22:45:00
3975,16241,5,Chegou rápido.,2023-07-23 17:37:00
3976,16341,4,Comida deliciosa.,2023-02-04 15:22:00
3977,1284,4,Recomendo!,2023-10-02 10:50:00
3978,13527,5,Comida deliciosa.,2023-08-02 02:45:00
3979,10578,3,Comida fria.,2023-03-04 22:06:00
3980,7809,3,Pedido errado.,2023-03-27 02:19:00
3981,9609,3,Pode melhorar.,2023-03-30 06:44:00
3982,19964,5,Recomendo!,2023-10-16 02:15:00
3983,18184,5,Muito bom!,2023-11-12 18:57:00
3984,18470,4,Recomendo!,2023-02-03 12:55:00
3985,11938,3,Pedido errado.,2023-09-19 12:28:00
3986,6476,4,Muito bom!,2023-06-24 09:10:00
3987,11981,5,Excelente serviço.,2023-02-18 02:35:00
3988,7448,5,Excelente serviço.,2023-02-25 17:29:00
3989,11459,5,Comida deliciosa.,2023-08-04 01:09:00
3990,10704,3,Comida fria.,2023-01-06 02:20:00
3991,1748,5,Chegou rápido.,2023-11-19 14:46:00
3992,15640,5,Excelente serviço.,2023-04-03 07:07:00
3993,13210,3,Comida fria.,2023-01-24 20:58:00
3994,8295,5,Chegou rápido.,2023-07-06 17:02:00
3995,5242,5,Muito bom!,2023-03-25 12:06:00
3996,993,5,Comida deliciosa.,2023-08-13 17:51:00
3997,13128,5,Excelente serviço.,2023-09-27 02:21:00
3998,13288,5,Muito bom!,2023-03-22 07:35:00
3999,17576,2,Pode melhorar.,2023-08-19 01:47:00
4000,1622,5,Recomendo!,2023-10-27 18:03:00
4001,2707,5,Muito bom!,2023-06-11 01:33:00
4002,9841,5,Excelente serviço.,2023-01-09 19:27:00
4003,11069,4,Muito bom!,2023-05-07 13:32:00
4004,2102,5,Excelente serviço.,2023-07-30 22:56:00
4005,12584,4,Comida deliciosa.,2023-06-09 11:58:00
4006,688,4,Comida deliciosa.,2023-11-08 04:00:00
4007,18296,5,Muito bom!,2023-11-23 20:51:00
4008,12635,4,Comida deliciosa.,2023-02-26 01:12:00
4009,17978,5,Chegou rápido.,2023-08-21 12:07:00
4010,12606,1,Comida fria.,2023-07-10 15:15:00
4011,4364,4,Muito bom!,2023-02-09 15:22:00
4012,13621,2,Comida fria.,2023-01-26 04:09:00
4013,2599,5,Excelente serviço.,2023-05-06 02:28:00
4014,19556,5,Recomendo!,2023-09-26 19:03:00
4015,9130,5,Excelente serviço.,2023-09-06 09:20:00
4016,6514,4,Recomendo!,2023-12-13 00:04:00
4017,1814,5,Comida deliciosa.,2023-02-12 16:39:00
4018,8214,4,Excelente serviço.,2023-05-27 19:55:00
4019,4619,5,Recomendo!,2023-03-12 21:19:00
4020,8739,5,Muito bom!,2023-04-01 03:41:00
4021,4696,4,Recomendo!,2023-12-16 11:35:00
4022,5103,2,Demorou muito.,2023-07-29 01:40:00
4023,11880,5,Recomendo!,2023-10-24 02:33:00
4024,8271,5,Muito bom!,2023-06-12 21:52:00
4025,11506,5,Comida deliciosa.,2023-10-07 04:20:00
4026,13014,3,Comida fria.,2023-05-07 02:07:00
4027,12422,5,Chegou rápido.,2023-11-16 07:31:00
4028,3102,3,Comida fria.,2023-08-06 09:00:00
4029,14069,5,Muito bom!,2023-07-03 22:06:00
4030,1012,5,Excelente serviço.,2023-10-04 07:08:00
4031,13549,5,Muito bom!,2023-12-12 17:03:00
4032,5840,1,Demorou muito.,2023-03-04 00:48:00
4033,15482,4,Recomendo!,2023-08-13 14:57:00
4034,652,5,Muito bom!,2023-08-03 20:50:00
4035,3371,5,Recomendo!,2023-11-05 16:10:00
4036,2964,5,Recomendo!,2023-08-05 20:37:00
4037,13298,5,Chegou rápido.,2023-03-22 15:44:00
4038,8276,5,Chegou rápido.,2023-11-03 16:55:00
4039,10313,4,Chegou rápido.,2023-05-17 07:01:00
4040,3814,4,Muito bom!,2023-03-16 16:51:00
4041,8618,5,Muito bom!,2023-06-10 08:18:00
4042,2372,2,Demorou muito.,2023-03-28 04:34:00
4043,6872,3,Demorou muito.,2023-09-11 13:49:00
4044,1508,3,Pode melhorar.,2023-01-23 14:41:00
4045,3390,5,Excelente serviço.,2023-07-10 20:53:00
4046,13967,4,Comida deliciosa.,2023-02-16 16:35:00
4047,18521,5,Chegou rápido.,2023-08-09 08:01:00
4048,15675,4,Recomendo!,2023-07-28 03:16:00
4049,6541,5,Muito bom!,2023-08-11 12:21:00
4050,18394,4,Excelente serviço.,2023-12-01 14:04:00
4051,739,5,Comida deliciosa.,2023-07-11 17:42:00
4052,17778,5,Excelente serviço.,2023-03-10 19:03:00
4053,9151,5,Comida deliciosa.,2023-10-09 05:41:00
4054,9949,1,Demorou muito.,2023-02-11 10:51:00
4055,13421,3,Pode melhorar.,2023-11-26 07:53:00
4056,18819,4,Muito bom!,2023-07-02 11:59:00
4057,16802,2,Pedido errado.,2023-05-04 23:31:00
4058,12046,4,Recomendo!,2023-10-03 11:11:00
4059,3169,5,Comida deliciosa.,2023-06-14 17:20:00
4060,3510,3,Demorou muito.,2023-11-16 09:07:00
4061,12201,5,Comida deliciosa.,2023-08-30 16:15:00
4062,10287,5,Comida deliciosa.,2023-03-06 13:54:00
4063,14848,1,Pedido errado.,2023-05-12 19:05:00
4064,1450,2,Comida fria.,2023-03-05 22:15:00
4065,8380,4,Excelente serviço.,2023-01-04 00:15:00
4066,19465,5,Excelente serviço.,2023-12-06 11:50:00
4067,8263,2,Demorou muito.,2023-12-13 04:00:00
4068,11210,4,Muito bom!,2023-06-16 11:46:00
4069,19334,3,Comida fria.,2023-01-15 21:35:00
4070,12358,1,Não gostei.,2023-11-28 23:47:00
4071,13285,5,Chegou rápido.,2023-06-04 05:01:00
4072,15893,5,Recomendo!,2023-09-24 01:31:00
4073,9817,3,Demorou muito.,2023-11-05 20:15:00
4074,16694,3,Pode melhorar.,2023-02-20 11:15:00
4075,11074,2,Não gostei.,2023-03-03 16:12:00
4076,5400,5,Recomendo!,2023-04-18 10:15:00
4077,253,5,Chegou rápido.,2023-01-08 17:28:00
4078,11678,2,Pode melhorar.,2023-08-24 03:50:00
4079,18422,5,Excelente serviço.,2023-03-24 11:01:00
4080,4653,5,Chegou rápido.,2023-03-07 01:17:00
4081,3549,5,Recomendo!,2023-01-10 19:00:00
4082,9065,4,Comida deliciosa.,2023-05-22 22:23:00
4083,5684,3,Pode melhorar.,2023-03-31 11:43:00
4084,986,5,Excelente serviço.,2023-10-30 18:55:00
4085,620,5,Muito bom!,2023-10-21 17:41:00
4086,6454,1,Pedido errado.,2023-01-20 01:03:00
4087,8745,4,Recomendo!,2023-12-09 05:20:00
4088,13098,5,Muito bom!,2023-09-25 03:28:00
4089,6698,3,Pedido errado.,2023-05-14 02:38:00
4090,1811,5,Excelente serviço.,2023-07-09 21:13:00
4091,5437,5,Comida deliciosa.,2023-03-10 13:37:00
4092,374,2,Demorou muito.,2023-02-01 02:02:00
4093,3880,4,Muito bom!,2023-08-26 21:09:00
4094,8446,5,Comida deliciosa.,2023-10-18 16:39:00
4095,13295,2,Pedido errado.,2023-10-13 14:27:00
4096,17717,4,Excelente serviço.,2023-05-16 15:00:00
4097,1943,4,Excelente serviço.,2023-09-02 04:48:00
4098,15111,5,Chegou rápido.,2023-04-17 00:16:00
4099,19716,5,Muito bom!,2023-06-28 20:35:00
4100,5218,4,Chegou rápido.,2023-03-24 13:07:00
4101,7265,3,Pedido errado.,2023-12-31 12:04:00
4102,4835,4,Excelente serviço.,2023-07-03 06:49:00
4103,15801,5,Excelente serviço.,2023-08-11 23:59:00
4104,1563,4,Recomendo!,2023-07-17 05:50:00
4105,2785,5,Excelente serviço.,2023-12-18 11:06:00
4106,16658,5,Comida deliciosa.,2023-07-24 04:04:00
4107,2639,5,Excelente serviço.,2023-08-31 11:56:00
4108,6568,4,Chegou rápido.,2023-03-24 15:28:00
4109,6527,4,Chegou rápido.,2023-04-30 17:58:00
4110,9592,4,Excelente serviço.,2023-09-07 01:20:00
4111,19979,4,Chegou rápido.,2023-01-21 02:46:00
4112,14962,4,Excelente serviço.,2023-03-15 19:35:00
4113,11557,2,Não gostei.,2023-06-20 14:49:00
4114,4952,5,Chegou rápido.,2023-04-22 20:15:00
4115,1113,5,Chegou rápido.,2023-10-18 17:15:00
4116,2848,1,Pedido errado.,2023-02-25 05:04:00
4117,12647,4,Excelente serviço.,2023-09-20 08:45:00
4118,13402,5,Recomendo!,2023-05-03 13:06:00
4119,2682,2,Comida fria.,2023-09-12 01:29:00
4120,17346,4,Comida deliciosa.,2023-08-05 13:45:00
4121,3283,5,Comida deliciosa.,2023-03-21 03:25:00
4122,9143,4,Comida deliciosa.,2023-01-16 01:07:00
4123,16570,5,Recomendo!,2023-03-03 06:07:00
4124,13608,4,Recomendo!,2023-06-02 18:46:00
4125,10073,4,Comida deliciosa.,2023-05-30 17:33:00
4126,4083,5,Comida deliciosa.,2023-09-20 05:34:00
4127,7330,4,Recomendo!,2023-08-12 09:16:00
4128,5905,4,Excelente serviço.,2023-05-17 05:40:00
4129,12353,5,Chegou rápido.,2023-08-29 03:32:00
4130,452,4,Excelente serviço.,2023-03-29 01:19:00
4131,9433,5,Excelente serviço.,2023-01-24 20:28:00
4132,17087,4,Comida deliciosa.,2023-01-12 14:46:00
4133,9854,3,Comida fria.,2023-05-13 01:57:00
4134,6500,4,Recomendo!,2023-02-20 19:39:00
4135,5063,5,Muito bom!,2023-06-25 10:20:00
4136,2023,4,Chegou rápido.,2023-11-05 02:39:00
4137,4807,2,Pode melhorar.,2023-05-18 05:25:00
4138,8833,5,Chegou rápido.,2023-01-01 18:44:00
4139,8079,4,Comida deliciosa.,2023-05-04 07:58:00
4140,2486,5,Chegou rápido.,2023-03-23 03:22:00
4141,11648,4,Chegou rápido.,2023-10-03 16:50:00
4142,19780,5,Chegou rápido.,2023-09-20 07:09:00
4143,8576,4,Muito bom!,2023-01-14 21:29:00
4144,16745,5,Muito bom!,2023-10-22 16:24:00
4145,10203,4,Excelente serviço.,2023-07-24 02:02:00
4146,1042,5,Chegou rápido.,2023-09-24 23:13:00
4147,14214,2,Comida fria.,2023-06-29 00:12:00
4148,6461,4,Recomendo!,2023-05-10 14:47:00
4149,13820,3,Comida fria.,2023-02-25 06:15:00
4150,10761,5,Chegou rápido.,2023-10-18 09:41:00
4151,18059,5,Muito bom!,2023-11-29 05:15:00
4152,6630,5,Recomendo!,2023-06-22 10:56:00
4153,10536,3,Pode melhorar.,2023-12-21 22:15:00
4154,2795,5,Muito bom!,2023-11-15 04:54:00
4155,5902,5,Comida deliciosa.,2023-05-23 07:18:00
4156,13738,5,Chegou rápido.,2023-12-03 07:00:00
4157,19796,5,Chegou rápido.,2023-12-10 07:18:00
4158,591,3,Não gostei.,2023-01-14 00:11:00
4159,4315,3,Comida fria.,2023-09-05 03:46:00
4160,5895,5,Muito bom!,2023-06-11 03:49:00
4161,19305,3,Pedido errado.,2023-12-31 14:50:00
4162,8641,4,Chegou rápido.,2023-03-20 20:53:00
4163,18281,1,Demorou muito.,2023-09-03 00:02:00
4164,8104,5,Excelente serviço.,2023-11-16 13:21:00
4165,408,4,Excelente serviço.,2023-11-24 19:37:00
4166,8613,5,Comida deliciosa.,2023-05-12 16:32:00
4167,2341,5,Chegou rápido.,2023-09-04 14:16:00
4168,5658,5,Chegou rápido.,2024-01-02 08:50:00
4169,16279,3,Comida fria.,2023-04-10 08:01:00
4170,7595,4,Comida deliciosa.,2023-02-23 09:42:00
4171,12413,5,Comida deliciosa.,2023-11-28 21:55:00
4172,16073,5,Comida deliciosa.,2023-10-25 16:58:00
4173,10686,5,Chegou rápido.,2023-03-15 00:12:00
4174,18578,5,Muito bom!,2023-06-10 10:05:00
4175,19530,4,Comida deliciosa.,2023-01-25 07:40:00
4176,985,5,Chegou rápido.,2023-11-13 09:31:00
4177,4151,4,Recomendo!,2023-05-06 20:38:00
4178,8342,3,Não gostei.,2023-01-17 03:16:00
4179,9869,5,Excelente serviço.,2023-09-27 03:40:00
4180,14305,5,Chegou rápido.,2023-07-29 07:23:00
4181,17242,4,Excelente serviço.,2023-07-29 05:05:00
4182,8777,1,Não gostei.,2023-07-03 23:13:00
4183,8660,2,Demorou muito.,2023-09-21 12:01:00
4184,2022,3,Pode melhorar.,2023-12-11 06:06:00
4185,2633,4,Excelente serviço.,2023-03-12 13:17:00
4186,13653,5,Recomendo!,2023-02-12 04:13:00
4187,4378,5,Excelente serviço.,2023-12-18 02:32:00
4188,10058,4,Muito bom!,2023-06-25 20:15:00
4189,13658,4,Recomendo!,2023-01-31 12:23:00
4190,11884,5,Recomendo!,2023-05-29 02:26:00
4191,4006,5,Chegou rápido.,2023-01-06 18:07:00
4192,1249,4,Recomendo!,2023-12-27 20:36:00
4193,9492,5,Chegou rápido.,2023-10-12 16:36:00
4194,7067,1,Demorou muito.,2023-02-15 05:31:00
4195,18294,3,Não gostei.,2023-11-16 11:23:00
4196,14958,5,Chegou rápido.,2023-10-05 23:54:00
4197,11480,4,Recomendo!,2023-09-12 08:40:00
4198,19307,4,Comida deliciosa.,2023-02-21 01:51:00
4199,549,3,Demorou muito.,2023-03-05 05:50:00
4200,611,3,Não gostei.,2023-02-22 17:11:00
4201,14502,4,Chegou rápido.,2023-06-16 17:44:00
4202,4632,4,Recomendo!,2023-02-06 13:40:00
4203,5960,5,Muito bom!,2023-03-14 22:58:00
4204,1172,4,Excelente serviço.,2023-05-13 18:11:00
4205,10381,5,Recomendo!,2023-04-12 16:54:00
4206,4068,4,Comida deliciosa.,2023-01-16 21:02:00
4207,679,5,Comida deliciosa.,2023-05-22 09:33:00
4208,15463,5,Comida deliciosa.,2023-11-30 23:07:00
4209,227,4,Muito bom!,2023-10-20 14:29:00
4210,11405,1,Pedido errado.,2023-05-07 11:26:00
4211,12445,5,Recomendo!,2023-02-08 20:34:00
4212,14427,5,Excelente serviço.,2023-07-11 14:02:00
4213,18462,4,Chegou rápido.,2023-02-07 15:31:00
4214,12703,4,Chegou rápido.,2023-06-01 10:54:00
4215,15231,5,Muito bom!,2023-05-17 18:33:00
4216,9850,4,Chegou rápido.,2023-11-28 05:21:00
4217,897,5,Muito bom!,2023-02-28 18:09:00
4218,9360,5,Recomendo!,2023-06-17 07:41:00
4219,17648,4,Recomendo!,2023-09-01 18:31:00
4220,9721,4,Excelente serviço.,2023-11-08 17:11:00
4221,11983,4,Excelente serviço.,2023-09-13 14:51:00
4222,9664,5,Excelente serviço.,2023-05-12 10:03:00
4223,19831,5,Comida deliciosa.,2023-02-14 11:10:00
4224,12126,4,Comida deliciosa.,2023-01-29 07:33:00
4225,573,5,Recomendo!,2023-08-10 15:31:00
4226,13916,5,Muito bom!,2023-04-02 00:21:00
4227,1546,5,Comida deliciosa.,2023-08-01 17:57:00
4228,5144,5,Comida deliciosa.,2023-06-07 11:23:00
4229,12911,5,Recomendo!,2023-11-18 09:18:00
4230,4689,4,Recomendo!,2023-01-12 07:49:00
4231,15426,5,Excelente serviço.,2023-02-24 10:54:00
4232,37,4,Excelente serviço.,2023-11-26 09:30:00
4233,8535,4,Comida deliciosa.,2023-04-01 02:04:00
4234,17100,4,Recomendo!,2023-12-06 14:38:00
4235,13347,5,Recomendo!,2023-04-16 06:53:00
4236,19628,4,Comida deliciosa.,2023-04-10 15:04:00
4237,19541,2,Pedido errado.,2023-11-02 12:49:00
4238,15725,3,Pode melhorar.,2023-10-24 22:59:00
4239,18943,4,Chegou rápido.,2023-03-12 08:12:00
4240,5621,5,Muito bom!,2023-10-27 16:58:00
4241,9931,4,Excelente serviço.,2023-09-11 12:56:00
4242,14814,5,Excelente serviço.,2023-12-21 18:03:00
4243,4984,5,Recomendo!,2023-03-11 15:36:00
4244,7507,5,Muito bom!,2023-09-29 13:58:00
4245,4763,3,Pode melhorar.,2023-10-26 02:30:00
4246,17140,4,Recomendo!,2023-02-10 19:48:00
4247,3422,3,Demorou muito.,2023-12-14 00:05:00
4248,4857,1,Demorou muito.,2023-06-07 22:46:00
4249,16527,2,Demorou muito.,2023-08-25 11:00:00
4250,18994,3,Não gostei.,2023-01-31 03:18:00
4251,16309,3,Demorou muito.,2023-12-15 17:59:00
4252,2218,5,Recomendo!,2023-05-26 09:26:00
4253,3093,3,Comida fria.,2023-10-18 08:19:00
4254,481,5,Excelente serviço.,2023-08-21 18:18:00
4255,951,3,Não gostei.,2023-11-08 12:53:00
4256,19610,5,Chegou rápido.,2023-08-15 20:00:00
4257,13219,4,Recomendo!,2023-04-11 00:47:00
4258,8460,2,Comida fria.,2023-12-19 00:47:00
4259,9338,4,Comida deliciosa.,2023-03-30 07:06:00
4260,1013,5,Comida deliciosa.,2023-09-27 14:34:00
4261,13652,5,Recomendo!,2023-03-20 22:07:00
4262,10044,5,Excelente serviço.,2023-11-21 13:38:00
4263,14299,4,Recomendo!,2023-07-29 06:50:00
4264,19230,4,Comida deliciosa.,2023-03-25 00:44:00
4265,4770,5,Recomendo!,2023-08-26 18:08:00
4266,15078,5,Chegou rápido.,2023-06-10 08:45:00
4267,12081,5,Recomendo!,2023-03-05 16:54:00
4268,11995,4,Comida deliciosa.,2023-08-06 20:21:00
4269,4405,5,Comida deliciosa.,2023-04-09 17:08:00
4270,12654,5,Chegou rápido.,2023-10-31 10:56:00
4271,14880,5,Chegou rápido.,2023-03-27 06:46:00
4272,12704,4,Excelente serviço.,2023-03-25 02:27:00
4273,13368,4,Comida deliciosa.,2023-12-23 09:41:00
4274,14038,3,Não gostei.,2023-02-20 22:12:00
4275,1364,5,Recomendo!,2023-01-12 01:06:00
4276,17956,5,Excelente serviço.,2023-05-11 14:24:00
4277,7927,4,Chegou rápido.,2023-06-19 04:25:00
4278,4071,4,Recomendo!,2023-03-04 00:18:00
4279,17318,1,Não gostei.,2023-06-14 06:40:00
4280,10219,4,Muito bom!,2023-10-27 11:15:00
4281,18579,5,Excelente serviço.,2023-02-02 06:49:00
4282,1626,4,Recomendo!,2023-10-20 15:01:00
4283,5700,5,Excelente serviço.,2023-02-03 19:54:00
4284,14147,4,Muito bom!,2023-05-21 18:25:00
4285,15716,4,Recomendo!,2023-01-22 13:47:00
4286,1024,2,Comida fria.,2023-05-19 00:47:00
4287,1727,3,Não gostei.,2023-08-05 06:15:00
4288,18070,5,Muito bom!,2023-12-14 22:56:00
4289,17556,3,Demorou muito.,2023-08-06 14:18:00
4290,10045,5,Recomendo!,2023-09-24 19:10:00
4291,3060,4,Excelente serviço.,2023-10-02 01:07:00
4292,4358,4,Comida deliciosa.,2023-08-02 08:20:00
4293,9115,5,Chegou rápido.,2023-12-11 01:07:00
4294,4794,5,Muito bom!,2023-06-09 21:32:00
4295,13370,5,Muito bom!,2023-01-11 05:32:00
4296,9940,5,Recomendo!,2023-03-29 12:34:00
4297,14751,4,Muito bom!,2023-02-28 07:09:00
4298,159,4,Excelente serviço.,2023-07-08 00:15:00
4299,19627,5,Comida deliciosa.,2023-05-22 21:33:00
4300,1788,4,Comida deliciosa.,2023-02-21 18:00:00
4301,1642,5,Recomendo!,2023-05-13 01:54:00
4302,6289,5,Excelente serviço.,2023-01-18 02:58:00
4303,2006,5,Chegou rápido.,2023-06-06 15:17:00
4304,19612,5,Recomendo!,2023-11-14 13:04:00
4305,3595,5,Comida deliciosa.,2023-06-25 11:52:00
4306,2219,5,Chegou rápido.,2023-11-12 05:45:00
4307,15005,3,Pode melhorar.,2023-03-23 01:52:00
4308,12959,4,Recomendo!,2023-09-20 01:04:00
4309,12961,5,Excelente serviço.,2023-02-13 03:54:00
4310,9178,5,Chegou rápido.,2023-11-04 14:41:00
4311,10656,5,Chegou rápido.,2023-05-11 15:45:00
4312,5829,5,Muito bom!,2023-08-20 22:59:00
4313,3787,5,Recomendo!,2023-12-24 22:17:00
4314,9507,4,Comida deliciosa.,2023-11-27 01:42:00
4315,11313,5,Recomendo!,2023-06-25 21:13:00
4316,12826,5,Chegou rápido.,2023-02-24 12:50:00
4317,7646,4,Recomendo!,2023-01-22 00:35:00
4318,14636,5,Comida deliciosa.,2023-10-14 16:35:00
4319,13602,5,Excelente serviço.,2023-08-01 02:44:00
4320,16886,4,Comida deliciosa.,2023-09-07 22:02:00
4321,1815,5,Chegou rápido.,2023-12-25 21:05:00
4322,18451,5,Comida deliciosa.,2023-06-17 07:03:00
4323,3761,5,Excelente serviço.,2023-06-20 03:44:00
4324,5668,5,Comida deliciosa.,2023-01-18 06:57:00
4325,19950,4,Recomendo!,2023-02-07 09:54:00
4326,2,5,Muito bom!,2023-03-22 17:26:00
4327,15494,5,Chegou rápido.,2023-06-27 18:05:00
4328,10543,4,Comida deliciosa.,2023-09-13 16:11:00
4329,13791,4,Recomendo!,2023-12-25 08:58:00
4330,662,5,Muito bom!,2023-04-07 01:47:00
4331,5028,4,Muito bom!,2023-07-12 02:12:00
4332,2281,1,Não gostei.,2023-07-01 05:09:00
4333,13196,2,Não gostei.,2023-06-14 16:52:00
4334,667,5,Comida deliciosa.,2023-01-03 18:59:00
4335,5814,4,Chegou rápido.,2023-04-12 17:41:00
4336,12974,5,Chegou rápido.,2023-02-26 19:13:00
4337,13924,4,Muito bom!,2023-08-22 06:27:00
4338,1329,5,Comida deliciosa.,2023-06-14 16:28:00
4339,17760,4,Muito bom!,2023-03-22 03:52:00
4340,16284,4,Chegou rápido.,2023-09-07 05:36:00
4341,14117,5,Excelente serviço.,2023-06-29 13:53:00
4342,10996,5,Comida deliciosa.,2023-01-04 00:55:00
4343,10333,4,Chegou rápido.,2023-04-11 00:55:00
4344,8905,4,Chegou rápido.,2023-11-15 02:21:00
4345,4819,4,Excelente serviço.,2023-05-20 15:26:00
4346,11455,5,Recomendo!,2023-09-29 07:09:00
4347,15496,4,Recomendo!,2023-07-16 20:49:00
4348,2865,5,Chegou rápido.,2023-08-31 18:18:00
4349,12462,4,Muito bom!,2023-04-11 18:41:00
4350,15713,5,Comida deliciosa.,2023-10-22 08:16:00
4351,14273,5,Comida deliciosa.,2023-01-12 17:44:00
4352,17484,5,Recomendo!,2023-05-15 10:45:00
4353,10902,1,Pode melhorar.,2023-06-11 08:39:00
4354,2121,4,Comida deliciosa.,2023-02-11 16:50:00
4355,13072,5,Excelente serviço.,2023-12-30 06:40:00
4356,12972,5,Chegou rápido.,2023-08-22 02:24:00
4357,18089,4,Comida deliciosa.,2023-01-13 02:03:00
4358,15817,5,Chegou rápido.,2023-10-25 04:11:00
4359,11148,4,Chegou rápido.,2023-10-03 21:14:00
4360,17731,5,Excelente serviço.,2023-12-03 15:00:00
4361,6598,4,Comida deliciosa.,2023-05-31 10:37:00
4362,1447,4,Excelente serviço.,2023-04-17 22:28:00
4363,178,3,Pode melhorar.,2023-01-16 01:57:00
4364,14388,3,Pedido errado.,2023-02-06 20:16:00
4365,7643,5,Recomendo!,2023-06-04 02:35:00
4366,800,4,Chegou rápido.,2023-12-24 09:15:00
4367,11910,5,Recomendo!,2023-02-02 10:16:00
4368,776,5,Muito bom!,2023-10-04 17:48:00
4369,17727,5,Recomendo!,2023-12-19 21:12:00
4370,11914,5,Chegou rápido.,2023-02-10 23:19:00
4371,7580,5,Muito bom!,2023-07-28 03:53:00
4372,7191,1,Pedido errado.,2023-10-12 13:01:00
4373,10066,4,Muito bom!,2023-03-01 07:39:00
4374,281,5,Comida deliciosa.,2023-01-24 02:55:00
4375,15600,2,Não gostei.,2023-08-18 03:19:00
4376,12482,5,Muito bom!,2023-01-02 14:30:00
4377,11412,5,Muito bom!,2023-02-09 00:24:00
4378,10894,4,Muito bom!,2023-12-09 01:14:00
4379,2165,4,Recomendo!,2023-05-11 11:27:00
4380,3449,4,Comida deliciosa.,2023-01-27 08:09:00
4381,15225,5,Excelente serviço.,2023-04-20 17:47:00
4382,9209,5,Comida deliciosa.,2023-08-05 16:16:00
4383,5558,5,Recomendo!,2023-08-20 20:34:00
4384,11742,1,Não gostei.,2023-10-06 00:07:00
4385,12954,4,Comida deliciosa.,2023-02-19 21:59:00
4386,17831,4,Excelente serviço.,2023-12-25 04:43:00
4387,17406,5,Muito bom!,2023-02-08 04:55:00
4388,5704,4,Recomendo!,2023-05-23 07:02:00
4389,18975,5,Comida deliciosa.,2023-08-10 19:46:00
4390,9601,5,Excelente serviço.,2023-02-17 09:28:00
4391,2413,5,Muito bom!,2023-09-11 10:01:00
4392,10475,5,Chegou rápido.,2023-08-07 17:29:00
4393,179,5,Excelente serviço.,2023-09-20 23:17:00
4394,18772,4,Recomendo!,2023-03-24 11:09:00
4395,14085,4,Chegou rápido.,2023-05-08 04:42:00
4396,7735,5,Excelente serviço.,2023-03-29 21:26:00
4397,16964,4,Excelente serviço.,2023-11-29 10:57:00
4398,3452,4,Excelente serviço.,2023-05-22 16:42:00
4399,1895,5,Recomendo!,2023-01-21 14:36:00
4400,16076,5,Comida deliciosa.,2023-08-18 07:30:00
4401,1085,4,Excelente serviço.,2023-05-21 22:01:00
4402,10299,5,Comida deliciosa.,2023-05-13 19:42:00
4403,7148,5,Muito bom!,2023-08-24 12:16:00
4404,19324,4,Excelente serviço.,2023-01-06 04:29:00
4405,6844,5,Comida deliciosa.,2023-04-13 17:17:00
4406,19921,5,Comida deliciosa.,2023-03-24 23:56:00
4407,17324,4,Muito bom!,2023-12-03 06:55:00
4408,7712,4,Comida deliciosa.,2023-09-22 00:49:00
4409,15720,3,Pode melhorar.,2023-01-14 17:00:00
4410,12372,5,Comida deliciosa.,2023-11-11 18:38:00
4411,3749,5,Excelente serviço.,2023-04-26 16:07:00
4412,18023,5,Chegou rápido.,2023-03-12 16:31:00
4413,5334,5,Muito bom!,2023-01-11 17:55:00
4414,10788,5,Comida deliciosa.,2023-06-14 21:39:00
4415,613,5,Chegou rápido.,2023-09-23 04:55:00
4416,11121,3,Comida fria.,2023-08-14 10:41:00
4417,12349,5,Chegou rápido.,2023-12-11 06:16:00
4418,1136,5,Chegou rápido.,2023-11-12 09:45:00
4419,12431,5,Recomendo!,2023-10-27 03:29:00
4420,5331,5,Chegou rápido.,2023-07-10 13:21:00
4421,14450,4,Comida deliciosa.,2023-04-06 09:24:00
4422,10274,1,Pode melhorar.,2023-10-29 08:29:00
4423,13043,4,Comida deliciosa.,2023-12-08 19:50:00
4424,7383,4,Comida deliciosa.,2023-09-19 18:19:00
4425,13488,4,Recomendo!,2023-10-17 00:48:00
4426,1795,5,Comida deliciosa.,2023-05-08 05:22:00
4427,154,4,Comida deliciosa.,2023-01-23 19:39:00
4428,19149,5,Muito bom!,2023-07-18 06:29:00
4429,11602,5,Chegou rápido.,2023-04-08 06:48:00
4430,14561,5,Muito bom!,2023-11-21 17:40:00
4431,13897,4,Chegou rápido.,2023-08-05 13:51:00
4432,10095,5,Recomendo!,2023-07-07 10:47:00
4433,4391,5,Recomendo!,2023-07-20 09:41:00
4434,16018,1,Pedido errado.,2023-11-21 23:24:00
4435,9389,5,Comida deliciosa.,2023-05-15 06:08:00
4436,2766,5,Chegou rápido.,2023-08-26 02:55:00
4437,10365,4,Comida deliciosa.,2023-04-17 21:41:00
4438,4623,5,Muito bom!,2023-05-28 21:24:00
4439,18803,4,Excelente serviço.,2023-05-19 17:15:00
4440,16348,4,Muito bom!,2023-10-14 17:32:00
4441,871,4,Comida deliciosa.,2023-09-02 10:59:00
4442,11088,5,Muito bom!,2023-02-10 13:41:00
4443,927,3,Não gostei.,2023-08-21 21:33:00
4444,1861,4,Comida deliciosa.,2023-03-16 05:03:00
4445,11276,3,Pedido errado.,2023-11-27 00:02:00
4446,14904,3,Pedido errado.,2023-09-11 13:07:00
4447,14993,5,Muito bom!,2023-10-10 03:16:00
4448,15982,5,Muito bom!,2023-06-04 19:41:00
4449,2567,4,Muito bom!,2023-08-16 11:07:00
4450,12790,3,Não gostei.,2023-03-02 00:01:00
4451,19364,5,Recomendo!,2023-02-25 18:31:00
4452,6099,5,Recomendo!,2023-06-24 09:45:00
4453,12706,3,Pedido errado.,2023-05-15 02:51:00
4454,6597,5,Comida deliciosa.,2023-02-26 17:27:00
4455,4389,5,Excelente serviço.,2023-10-12 05:36:00
4456,684,4,Comida deliciosa.,2023-02-20 13:04:00
4457,11351,5,Chegou rápido.,2023-01-29 14:43:00
4458,6264,5,Excelente serviço.,2023-04-05 16:03:00
4459,19719,5,Recomendo!,2023-08-22 23:09:00
4460,5871,5,Recomendo!,2023-10-12 04:44:00
4461,18584,4,Recomendo!,2023-11-16 14:52:00
4462,8336,5,Muito bom!,2023-10-17 21:55:00
4463,9853,5,Recomendo!,2023-07-28 00:33:00
4464,11413,5,Excelente serviço.,2023-09-30 19:12:00
4465,11011,5,Muito bom!,2023-11-01 17:07:00
4466,8024,2,Não gostei.,2023-08-31 06:42:00
4467,10969,5,Excelente serviço.,2023-02-01 13:10:00
4468,5788,4,Excelente serviço.,2023-06-04 17:24:00
4469,11652,5,Chegou rápido.,2023-07-06 03:30:00
4470,1369,5,Excelente serviço.,2023-05-07 11:37:00
4471,3418,4,Excelente serviço.,2023-01-17 00:05:00
4472,10931,5,Comida deliciosa.,2023-07-24 02:53:00
4473,19713,5,Comida deliciosa.,2023-09-27 23:05:00
4474,6059,3,Comida fria.,2023-02-21 10:15:00
4475,4855,4,Chegou rápido.,2023-01-28 14:08:00
4476,12572,5,Recomendo!,2023-11-05 12:31:00
4477,4066,5,Comida deliciosa.,2023-10-08 18:56:00
4478,17872,5,Chegou rápido.,2023-12-26 09:10:00
4479,15267,4,Recomendo!,2023-01-18 16:33:00
4480,10165,5,Recomendo!,2023-05-30 16:18:00
4481,14609,4,Muito bom!,2023-01-08 03:17:00
4482,18580,4,Excelente serviço.,2023-08-16 01:20:00
4483,14207,5,Comida deliciosa.,2023-08-20 08:43:00
4484,5320,5,Comida deliciosa.,2023-09-29 08:30:00
4485,11471,4,Excelente serviço.,2023-09-08 21:40:00
4486,5841,5,Recomendo!,2023-12-01 00:55:00
4487,16148,2,Não gostei.,2023-02-21 09:05:00
4488,18419,1,Pedido errado.,2023-04-14 22:18:00
4489,14594,4,Comida deliciosa.,2023-09-20 08:22:00
4490,4077,5,Recomendo!,2023-07-04 11:16:00
4491,9139,4,Muito bom!,2023-08-23 16:37:00
4492,14402,5,Excelente serviço.,2023-12-29 11:44:00
4493,8747,3,Comida fria.,2023-03-17 04:11:00
4494,15524,5,Comida deliciosa.,2023-02-15 04:02:00
4495,12865,4,Muito bom!,2023-12-27 12:10:00
4496,10011,4,Chegou rápido.,2023-04-13 23:36:00
4497,4142,2,Pedido errado.,2023-09-21 09:18:00
4498,9085,5,Muito bom!,2023-03-18 08:02:00
4499,13231,2,Pode melhorar.,2023-06-13 19:34:00
4500,6495,3,Pode melhorar.,2023-06-07 21:42:00
4501,2168,5,Chegou rápido.,2023-01-05 10:54:00
4502,3667,5,Comida deliciosa.,2023-06-03 16:27:00
4503,5466,5,Comida deliciosa.,2023-07-26 16:04:00
4504,18524,3,Pedido errado.,2023-06-29 21:12:00
4505,6520,5,Comida deliciosa.,2023-11-27 13:18:00
4506,8628,4,Muito bom!,2023-09-05 08:17:00
4507,3883,3,Pode melhorar.,2023-04-26 18:48:00
4508,3123,5,Muito bom!,2023-12-06 11:20:00
4509,11797,3,Pedido errado.,2023-01-16 07:28:00
4510,5892,2,Pode melhorar.,2023-10-10 05:02:00
4511,4935,3,Pode melhorar.,2023-08-10 02:05:00
4512,19902,5,Chegou rápido.,2023-04-27 02:30:00
4513,14439,5,Muito bom!,2023-07-10 06:09:00
4514,16893,5,Chegou rápido.,2023-12-12 13:16:00
4515,14284,4,Muito bom!,2023-06-11 17:22:00
4516,1068,5,Recomendo!,2023-07-25 15:20:00
4517,14141,1,Comida fria.,2023-03-16 07:28:00
4518,19448,4,Comida deliciosa.,2023-04-12 00:55:00
4519,1232,5,Comida deliciosa.,2023-10-23 08:20:00
4520,18510,4,Muito bom!,2023-04-11 12:37:00
4521,16956,5,Chegou rápido.,2023-08-11 12:59:00
4522,789,1,Não gostei.,2023-04-10 13:18:00
4523,3051,5,Recomendo!,2023-09-17 09:22:00
4524,16470,3,Demorou muito.,2023-10-07 12:39:00
4525,1743,5,Recomendo!,2023-04-23 03:36:00
4526,4195,5,Chegou rápido.,2023-08-30 10:47:00
4527,11842,5,Chegou rápido.,2023-04-13 17:14:00
4528,5984,5,Excelente serviço.,2023-12-14 07:47:00
4529,22,4,Chegou rápido.,2023-11-17 16:35:00
4530,17464,5,Comida deliciosa.,2023-06-23 02:27:00
4531,12922,4,Comida deliciosa.,2023-05-03 18:42:00
4532,19201,5,Chegou rápido.,2023-06-08 11:26:00
4533,16560,5,Recomendo!,2023-01-20 22:50:00
4534,2316,4,Recomendo!,2023-07-30 15:25:00
4535,5567,5,Muito bom!,2023-12-05 15:53:00
4536,17925,2,Demorou muito.,2023-02-24 12:18:00
4537,14713,5,Recomendo!,2023-04-29 02:37:00
4538,11954,5,Recomendo!,2023-06-22 21:14:00
4539,15499,4,Comida deliciosa.,2023-06-05 04:02:00
4540,18586,5,Muito bom!,2023-05-14 03:08:00
4541,530,5,Comida deliciosa.,2023-11-23 23:13:00
4542,17094,5,Chegou rápido.,2023-07-10 23:20:00
4543,5689,1,Pode melhorar.,2023-10-24 07:54:00
4544,10998,4,Chegou rápido.,2023-08-30 02:03:00
4545,19014,4,Excelente serviço.,2023-03-17 12:37:00
4546,2238,1,Demorou muito.,2023-12-30 09:18:00
4547,4423,5,Chegou rápido.,2023-09-10 04:52:00
4548,16894,5,Chegou rápido.,2023-11-11 19:23:00
4549,18358,3,Comida fria.,2023-10-01 15:43:00
4550,14614,5,Chegou rápido.,2023-08-17 08:27:00
4551,13882,1,Comida fria.,2023-11-15 11:10:00
4552,8809,5,Recomendo!,2023-06-04 17:42:00
4553,6271,1,Pedido errado.,2023-08-31 23:20:00
4554,1410,5,Comida deliciosa.,2023-03-28 13:32:00
4555,8302,3,Não gostei.,2023-07-31 15:40:00
4556,2182,2,Comida fria.,2023-11-21 19:32:00
4557,8437,4,Comida deliciosa.,2023-02-10 02:13:00
4558,2473,5,Muito bom!,2023-03-29 02:53:00
4559,8936,3,Não gostei.,2023-11-27 11:24:00
4560,12418,5,Muito bom!,2023-08-24 05:15:00
4561,13580,5,Chegou rápido.,2023-04-12 16:26:00
4562,2088,3,Não gostei.,2023-07-03 05:50:00
4563,13065,3,Pedido errado.,2023-03-30 01:39:00
4564,17900,4,Recomendo!,2023-05-03 00:47:00
4565,7922,5,Chegou rápido.,2023-05-19 05:21:00
4566,6157,4,Chegou rápido.,2023-08-16 07:20:00
4567,1987,1,Pode melhorar.,2023-06-09 16:14:00
4568,331,5,Chegou rápido.,2023-04-28 18:27:00
4569,6165,4,Muito bom!,2023-01-19 22:36:00
4570,13312,5,Muito bom!,2023-06-25 07:39:00
4571,5523,5,Excelente serviço.,2024-01-01 18:31:00
4572,9953,4,Excelente serviço.,2023-05-18 18:07:00
4573,8925,3,Pedido errado.,2023-04-07 05:27:00
4574,14536,5,Muito bom!,2023-03-13 16:51:00
4575,7566,4,Excelente serviço.,2023-04-01 15:14:00
4576,10377,5,Recomendo!,2023-04-29 04:54:00
4577,9001,4,Comida deliciosa.,2023-09-20 23:47:00
4578,375,5,Recomendo!,2023-02-13 18:09:00
4579,10680,4,Muito bom!,2023-01-06 21:47:00
4580,10648,5,Muito bom!,2023-03-11 18:50:00
4581,9708,5,Recomendo!,2023-08-15 16:26:00
4582,2622,5,Muito bom!,2023-11-02 13:56:00
4583,6656,5,Chegou rápido.,2023-10-09 22:27:00
4584,13928,4,Recomendo!,2023-03-24 19:13:00
4585,6452,5,Excelente serviço.,2023-01-05 20:47:00
4586,3012,4,Comida deliciosa.,2023-12-28 13:49:00
4587,8140,5,Chegou rápido.,2023-08-16 19:52:00
4588,8810,4,Comida deliciosa.,2023-06-27 04:49:00
4589,17000,5,Comida deliciosa.,2023-04-25 07:12:00
4590,3736,1,Demorou muito.,2023-05-05 15:14:00
4591,19960,5,Chegou rápido.,2023-07-13 16:16:00
4592,8285,3,Comida fria.,2023-08-08 02:38:00
4593,19804,5,Muito bom!,2023-05-23 07:38:00
4594,1281,5,Excelente serviço.,2023-08-10 12:54:00
4595,4258,4,Chegou rápido.,2023-10-06 12:26:00
4596,4724,5,Chegou rápido.,2023-02-14 14:08:00
4597,12153,3,Não gostei.,2023-07-10 13:03:00
4598,11731,5,Muito bom!,2023-07-11 15:10:00
4599,15114,5,Muito bom!,2023-06-05 08:12:00
4600,16355,5,Comida deliciosa.,2023-08-12 16:57:00
4601,18277,4,Recomendo!,2023-12-24 06:59:00
4602,11793,5,Comida deliciosa.,2023-09-07 17:03:00
4603,8416,5,Comida deliciosa.,2023-03-06 20:53:00
4604,19532,5,Muito bom!,2023-04-03 18:02:00
4605,16816,5,Excelente serviço.,2023-04-08 04:16:00
4606,6718,4,Chegou rápido.,2023-08-11 10:03:00
4607,3268,5,Excelente serviço.,2023-11-29 17:26:00
4608,13913,5,Muito bom!,2023-10-13 21:35:00
4609,19676,5,Muito bom!,2023-03-16 01:39:00
4610,12565,5,Comida deliciosa.,2023-10-26 08:58:00
4611,7919,4,Muito bom!,2023-08-25 09:58:00
4612,7876,2,Não gostei.,2023-06-06 16:37:00
4613,17890,2,Não gostei.,2023-07-31 17:23:00
4614,18198,5,Recomendo!,2023-09-02 02:42:00
4615,10476,5,Muito bom!,2023-11-27 22:02:00
4616,11427,5,Muito bom!,2023-07-30 05:24:00
4617,10715,1,Pode melhorar.,2023-05-30 15:33:00
4618,11857,5,Excelente serviço.,2023-08-07 17:38:00
4619,11417,4,Comida deliciosa.,2023-09-19 15:16:00
4620,4833,3,Pedido errado.,2023-12-13 20:44:00
4621,1974,4,Recomendo!,2023-09-03 19:00:00
4622,17665,5,Excelente serviço.,2023-03-09 14:52:00
4623,10487,5,Comida deliciosa.,2023-10-17 12:52:00
4624,16535,4,Comida deliciosa.,2023-01-10 18:00:00
4625,12119,5,Excelente serviço.,2023-03-20 06:24:00
4626,19474,5,Chegou rápido.,2023-04-23 02:23:00
4627,10151,1,Pedido errado.,2023-02-28 09:06:00
4628,19309,3,Pode melhorar.,2023-04-03 21:15:00
4629,9557,5,Chegou rápido.,2023-03-18 09:51:00
4630,19640,2,Comida fria.,2023-11-19 11:29:00
4631,17571,4,Muito bom!,2023-06-13 19:06:00
4632,6875,4,Chegou rápido.,2023-01-30 22:04:00
4633,17376,5,Recomendo!,2023-07-21 12:48:00
4634,15206,3,Não gostei.,2023-11-14 12:29:00
4635,7983,2,Demorou muito.,2023-11-24 01:11:00
4636,18471,4,Recomendo!,2023-06-10 12:39:00
4637,1111,4,Chegou rápido.,2023-09-05 16:45:00
4638,8757,5,Excelente serviço.,2023-02-16 15:10:00
4639,5454,5,Chegou rápido.,2023-09-08 03:17:00
4640,16622,5,Recomendo!,2023-01-28 05:04:00
4641,6215,5,Chegou rápido.,2023-11-18 13:43:00
4642,13348,4,Comida deliciosa.,2023-11-28 01:39:00
4643,7910,5,Excelente serviço.,2023-07-17 00:57:00
4644,1479,5,Excelente serviço.,2023-12-19 15:46:00
4645,1917,5,Chegou rápido.,2023-03-14 06:46:00
4646,5838,1,Pode melhorar.,2023-09-02 21:59:00
4647,170,5,Excelente serviço.,2023-01-14 14:48:00
4648,15367,5,Muito bom!,2023-02-08 12:55:00
4649,14757,5,Recomendo!,2023-11-29 00:50:00
4650,3824,5,Recomendo!,2023-01-09 15:16:00
4651,12392,5,Comida deliciosa.,2023-09-28 15:17:00
4652,13979,5,Excelente serviço.,2023-12-21 20:01:00
4653,17642,5,Muito bom!,2023-08-31 04:15:00
4654,11828,5,Chegou rápido.,2023-12-26 04:16:00
4655,17288,5,Comida deliciosa.,2023-12-15 05:44:00
4656,17666,5,Chegou rápido.,2023-02-15 04:43:00
4657,16809,4,Chegou rápido.,2023-03-26 10:02:00
4658,11172,3,Comida fria.,2023-01-19 09:13:00
4659,4488,5,Muito bom!,2023-04-05 23:35:00
4660,7814,4,Chegou rápido.,2023-01-12 01:25:00
4661,9088,4,Chegou rápido.,2023-12-06 12:04:00
4662,1681,3,Comida fria.,2023-10-17 06:21:00
4663,10340,4,Comida deliciosa.,2023-10-25 17:27:00
4664,10152,4,Recomendo!,2023-04-20 12:26:00
4665,17458,5,Recomendo!,2023-12-31 16:54:00
4666,604,5,Chegou rápido.,2023-06-02 21:29:00
4667,3112,5,Excelente serviço.,2023-10-25 08:10:00
4668,18506,4,Chegou rápido.,2023-02-01 11:14:00
4669,3395,4,Excelente serviço.,2023-11-22 23:43:00
4670,13396,5,Excelente serviço.,2023-04-21 21:17:00
4671,5741,4,Muito bom!,2023-08-30 22:53:00
4672,13223,4,Muito bom!,2023-09-18 19:17:00
4673,4737,1,Pode melhorar.,2023-04-09 17:51:00
4674,11708,3,Não gostei.,2023-11-12 02:02:00
4675,11217,5,Chegou rápido.,2023-02-03 14:31:00
4676,17413,4,Recomendo!,2023-05-25 13:05:00
4677,16532,5,Comida deliciosa.,2023-12-15 18:11:00
4678,4712,5,Muito bom!,2023-12-23 01:02:00
4679,8804,4,Muito bom!,2023-03-21 03:17:00
4680,10865,2,Não gostei.,2023-08-14 15:33:00
4681,3630,4,Recomendo!,2023-03-13 08:46:00
4682,14941,5,Muito bom!,2023-04-28 13:45:00
4683,16231,4,Muito bom!,2023-09-06 02:50:00
4684,293,5,Chegou rápido.,2023-09-05 12:46:00
4685,1884,4,Muito bom!,2023-03-20 10:50:00
4686,16719,5,Chegou rápido.,2023-01-18 17:51:00
4687,8379,1,Pedido errado.,2023-10-19 02:31:00
4688,17174,3,Demorou muito.,2023-11-16 05:21:00
4689,181,5,Excelente serviço.,2023-10-07 06:18:00
4690,7328,4,Excelente serviço.,2023-03-13 02:36:00
4691,10633,4,Muito bom!,2023-09-25 22:52:00
4692,5822,5,Excelente serviço.,2023-05-30 20:13:00
4693,9,5,Comida deliciosa.,2023-08-05 07:51:00
4694,13156,5,Comida deliciosa.,2023-12-25 05:26:00
4695,2002,4,Muito bom!,2023-06-14 01:28:00
4696,4122,4,Excelente serviço.,2023-07-19 15:42:00
4697,18386,4,Excelente serviço.,2023-12-19 09:42:00
4698,12327,2,Demorou muito.,2023-01-08 05:04:00
4699,10696,5,Recomendo!,2023-03-26 20:36:00
4700,3346,4,Comida deliciosa.,2023-12-19 15:17:00
4701,8923,5,Recomendo!,2023-07-20 04:00:00
4702,3518,5,Muito bom!,2023-05-28 12:20:00
4703,8058,5,Recomendo!,2023-03-16 04:15:00
4704,18546,4,Comida deliciosa.,2023-01-02 05:35:00
4705,19606,5,Excelente serviço.,2023-12-22 22:08:00
4706,646,5,Comida deliciosa.,2023-07-12 07:27:00
4707,16295,4,Excelente serviço.,2023-11-05 04:28:00
4708,16574,5,Muito bom!,2023-04-29 12:15:00
4709,9352,4,Excelente serviço.,2023-08-25 17:12:00
4710,10062,5,Comida deliciosa.,2023-10-10 09:05:00
4711,10842,4,Comida deliciosa.,2023-04-19 06:04:00
4712,8138,4,Comida deliciosa.,2023-06-15 10:14:00
4713,5131,5,Chegou rápido.,2023-06-20 16:20:00
4714,8553,5,Comida deliciosa.,2023-09-14 08:23:00
4715,13559,5,Muito bom!,2023-10-28 02:57:00
4716,13437,5,Excelente serviço.,2023-11-07 07:57:00
4717,14795,5,Comida deliciosa.,2023-02-06 14:39:00
4718,2817,5,Muito bom!,2023-08-10 08:43:00
4719,13401,2,Pedido errado.,2023-06-11 14:55:00
4720,5250,5,Excelente serviço.,2023-11-17 14:37:00
4721,11710,5,Chegou rápido.,2023-05-14 01:00:00
4722,8703,5,Chegou rápido.,2023-09-09 10:54:00
4723,1356,5,Muito bom!,2023-09-17 21:33:00
4724,145,5,Muito bom!,2023-05-23 07:59:00
4725,2066,4,Comida deliciosa.,2023-01-23 03:00:00
4726,9532,5,Chegou rápido.,2023-01-08 02:38:00
4727,18653,5,Chegou rápido.,2023-04-08 19:42:00
4728,752,4,Recomendo!,2023-08-21 01:46:00
4729,602,5,Comida deliciosa.,2023-09-03 20:33:00
4730,19162,5,Chegou rápido.,2023-01-04 03:44:00
4731,9340,5,Chegou rápido.,2023-02-11 00:32:00
4732,837,4,Muito bom!,2023-08-08 04:22:00
4733,1792,4,Chegou rápido.,2023-08-24 17:24:00
4734,162,2,Pedido errado.,2023-05-22 23:22:00
4735,9614,4,Muito bom!,2023-08-13 03:35:00
4736,365,4,Comida deliciosa.,2023-03-22 09:28:00
4737,10338,5,Excelente serviço.,2023-02-08 09:38:00
4738,5288,5,Recomendo!,2023-05-27 14:12:00
4739,3927,5,Recomendo!,2023-01-13 05:11:00
4740,2151,5,Recomendo!,2023-04-29 16:57:00
4741,472,5,Excelente serviço.,2023-12-16 18:54:00
4742,8927,3,Demorou muito.,2023-02-14 06:12:00
4743,10973,2,Pedido errado.,2023-04-18 17:37:00
4744,1724,5,Recomendo!,2023-11-16 06:30:00
4745,17195,2,Comida fria.,2023-12-08 11:37:00
4746,15867,5,Comida deliciosa.,2023-01-29 12:39:00
4747,370,5,Muito bom!,2023-08-07 22:43:00
4748,830,4,Comida deliciosa.,2023-12-11 02:44:00
4749,17671,5,Chegou rápido.,2023-08-21 10:18:00
4750,18290,5,Recomendo!,2023-03-17 05:24:00
4751,11796,5,Comida deliciosa.,2023-07-06 14:38:00
4752,10198,5,Excelente serviço.,2023-09-29 16:28:00
4753,14936,5,Chegou rápido.,2023-08-14 18:03:00
4754,12278,3,Não gostei.,2023-05-06 23:15:00
4755,17448,5,Muito bom!,2023-05-19 16:24:00
4756,6291,5,Muito bom!,2023-11-11 17:32:00
4757,16190,3,Pedido errado.,2023-06-20 20:40:00
4758,3273,2,Comida fria.,2023-11-26 23:41:00
4759,13468,5,Comida deliciosa.,2023-10-22 18:42:00
4760,9859,3,Pedido errado.,2023-04-28 01:42:00
4761,5578,4,Recomendo!,2023-09-01 04:21:00
4762,9223,5,Recomendo!,2023-03-19 01:57:00
4763,2963,5,Muito bom!,2023-09-07 20:57:00
4764,16248,4,Chegou rápido.,2023-02-01 12:18:00
4765,7768,5,Recomendo!,2023-09-25 09:58:00
4766,12320,3,Comida fria.,2023-07-18 04:31:00
4767,10047,4,Comida deliciosa.,2023-09-01 05:15:00
4768,15034,4,Muito bom!,2023-01-20 17:34:00
4769,13321,5,Muito bom!,2023-05-18 11:41:00
4770,2764,5,Muito bom!,2023-05-17 10:14:00
4771,13435,4,Excelente serviço.,2023-09-13 19:29:00
4772,6939,4,Excelente serviço.,2023-03-19 12:51:00
4773,11393,5,Recomendo!,2023-07-09 22:32:00
4774,19895,5,Recomendo!,2023-07-28 09:13:00
4775,8527,5,Chegou rápido.,2023-06-12 21:37:00
4776,7725,5,Excelente serviço.,2023-06-13 07:27:00
4777,9499,4,Comida deliciosa.,2023-03-28 23:33:00
4778,13389,4,Excelente serviço.,2023-02-15 13:10:00
4779,11853,4,Muito bom!,2023-11-12 00:03:00
4780,5764,3,Demorou muito.,2023-11-19 10:46:00
4781,11225,5,Excelente serviço.,2023-03-17 17:07:00
4782,13663,5,Muito bom!,2023-10-28 12:05:00
4783,2920,4,Muito bom!,2023-02-11 23:30:00
4784,3078,5,Chegou rápido.,2023-05-04 16:29:00
4785,10562,3,Pode melhorar.,2023-08-05 14:54:00
4786,879,4,Excelente serviço.,2023-08-04 05:45:00
4787,7661,4,Recomendo!,2023-02-09 01:36:00
4788,475,4,Chegou rápido.,2023-06-02 01:46:00
4789,14234,5,Chegou rápido.,2023-08-23 01:09:00
4790,12646,4,Recomendo!,2023-05-14 07:20:00
4791,13485,3,Não gostei.,2023-04-30 01:23:00
4792,16299,4,Chegou rápido.,2023-11-24 21:50:00
4793,15531,4,Comida deliciosa.,2023-08-01 18:33:00
4794,11400,4,Comida deliciosa.,2023-08-29 23:11:00
4795,16259,1,Pode melhorar.,2023-09-15 15:57:00
4796,13960,4,Chegou rápido.,2023-02-22 19:44:00
4797,17080,2,Não gostei.,2023-04-02 09:23:00
4798,5412,4,Recomendo!,2023-08-15 17:27:00
4799,2142,4,Chegou rápido.,2023-03-02 04:19:00
4800,2870,4,Muito bom!,2023-11-28 08:00:00
4801,18487,5,Excelente serviço.,2023-11-06 04:31:00
4802,205,4,Muito bom!,2023-10-31 17:03:00
4803,13758,5,Recomendo!,2023-09-22 05:39:00
4804,3981,5,Recomendo!,2023-11-13 23:44:00
4805,19551,5,Recomendo!,2023-09-06 09:08:00
4806,5686,2,Comida fria.,2023-08-07 08:56:00
4807,19151,1,Não gostei.,2023-01-13 09:50:00
4808,3229,5,Chegou rápido.,2023-06-01 16:01:00
4809,3413,5,Chegou rápido.,2023-05-24 20:27:00
4810,11626,5,Comida deliciosa.,2023-04-24 10:38:00
4811,11150,5,Muito bom!,2023-03-31 08:19:00
4812,13490,4,Comida deliciosa.,2023-05-06 11:50:00
4813,7267,5,Recomendo!,2023-07-06 10:28:00
4814,1904,4,Excelente serviço.,2023-01-20 23:33:00
4815,6962,5,Chegou rápido.,2023-06-27 21:09:00
4816,18156,4,Excelente serviço.,2023-01-28 06:09:00
4817,14608,3,Não gostei.,2023-11-20 01:34:00
4818,16601,5,Muito bom!,2023-10-12 07:12:00
4819,1936,5,Chegou rápido.,2023-08-26 23:35:00
4820,779,5,Muito bom!,2023-12-16 19:35:00
4821,8914,5,Chegou rápido.,2023-03-22 02:10:00
4822,3775,5,Comida deliciosa.,2023-11-02 02:07:00
4823,9832,5,Muito bom!,2023-05-09 19:06:00
4824,361,5,Recomendo!,2023-08-29 09:41:00
4825,13993,3,Não gostei.,2023-06-04 05:46:00
4826,6209,4,Comida deliciosa.,2023-09-01 23:03:00
4827,15792,1,Pode melhorar.,2023-12-24 13:29:00
4828,19034,4,Muito bom!,2023-03-02 20:20:00
4829,12641,5,Excelente serviço.,2023-08-27 07:55:00
4830,2775,4,Chegou rápido.,2023-07-30 03:28:00
4831,16276,1,Demorou muito.,2023-06-17 11:18:00
4832,2090,5,Excelente serviço.,2023-10-16 06:29:00
4833,15985,5,Excelente serviço.,2023-03-28 18:45:00
4834,555,5,Recomendo!,2023-03-04 07:37:00
4835,12502,4,Muito bom!,2023-06-30 10:06:00
4836,7850,5,Comida deliciosa.,2023-09-19 11:15:00
4837,7405,4,Excelente serviço.,2023-10-30 11:36:00
4838,11139,5,Comida deliciosa.,2023-11-26 12:10:00
4839,14968,4,Chegou rápido.,2023-11-13 00:53:00
4840,19566,3,Comida fria.,2023-03-22 16:07:00
4841,4786,4,Comida deliciosa.,2023-07-20 18:41:00
4842,15593,5,Recomendo!,2023-09-21 09:02:00
4843,12890,4,Muito bom!,2023-11-24 16:34:00
4844,8098,5,Excelente serviço.,2023-02-19 02:16:00
4845,1064,4,Comida deliciosa.,2023-11-24 06:01:00
4846,11569,5,Excelente serviço.,2023-07-19 13:00:00
4847,17543,4,Recomendo!,2023-06-11 02:40:00
4848,17781,5,Recomendo!,2023-05-09 18:14:00
4849,16090,4,Comida deliciosa.,2023-07-18 07:07:00
4850,14616,4,Comida deliciosa.,2023-02-05 15:44:00
4851,770,5,Excelente serviço.,2023-08-14 11:53:00
4852,17416,4,Comida deliciosa.,2023-11-23 17:51:00
4853,5478,4,Recomendo!,2023-05-25 23:28:00
4854,17891,5,Chegou rápido.,2023-02-18 12:04:00
4855,8234,5,Muito bom!,2023-08-20 23:41:00
4856,3520,2,Não gostei.,2023-04-02 18:10:00
4857,6738,5,Recomendo!,2023-10-21 20:45:00
4858,2203,5,Muito bom!,2023-01-24 00:17:00
4859,5661,5,Chegou rápido.,2023-02-25 17:00:00
4860,4244,5,Recomendo!,2023-09-17 04:33:00
4861,10938,4,Muito bom!,2023-01-30 07:02:00
4862,12069,5,Muito bom!,2023-09-15 03:11:00
4863,12648,4,Comida deliciosa.,2023-12-31 07:15:00
4864,4870,3,Demorou muito.,2023-11-08 11:05:00
4865,14518,4,Chegou rápido.,2023-08-26 00:42:00
4866,16928,4,Muito bom!,2023-02-15 15:13:00
4867,19276,4,Excelente serviço.,2023-06-29 19:19:00
4868,11370,1,Pode melhorar.,2023-01-11 12:46:00
4869,15431,4,Chegou rápido.,2023-05-08 02:31:00
4870,15928,5,Recomendo!,2023-11-21 06:21:00
4871,2008,5,Excelente serviço.,2023-08-13 13:06:00
4872,10808,5,Chegou rápido.,2023-03-01 16:39:00
4873,17911,5,Recomendo!,2023-09-11 23:49:00
4874,17646,5,Recomendo!,2023-10-26 18:34:00
4875,2892,4,Recomendo!,2023-05-12 08:37:00
4876,10324,4,Comida deliciosa.,2023-01-06 05:25:00
4877,8903,5,Recomendo!,2023-10-05 10:03:00
4878,487,4,Excelente serviço.,2023-11-22 10:22:00
4879,5995,5,Chegou rápido.,2023-01-12 21:13:00
4880,11844,5,Excelente serviço.,2023-10-29 10:33:00
4881,17784,5,Chegou rápido.,2023-06-20 19:58:00
4882,4540,5,Chegou rápido.,2023-05-26 00:31:00
4883,15427,5,Chegou rápido.,2023-05-30 04:59:00
4884,13289,5,Comida deliciosa.,2023-09-15 16:54:00
4885,19647,5,Excelente serviço.,2023-03-23 02:22:00
4886,19421,5,Comida deliciosa.,2023-03-20 09:43:00
4887,13115,3,Não gostei.,2023-07-16 03:01:00
4888,12564,4,Chegou rápido.,2023-09-30 00:05:00
4889,10496,1,Comida fria.,2023-09-01 10:44:00
4890,6934,4,Excelente serviço.,2023-02-12 16:13:00
4891,15533,5,Excelente serviço.,2023-04-01 04:09:00
4892,18779,4,Recomendo!,2023-11-10 15:13:00
4893,14099,4,Comida deliciosa.,2023-01-12 12:52:00
4894,16674,5,Muito bom!,2023-01-11 04:18:00
4895,16885,5,Chegou rápido.,2023-11-07 13:03:00
4896,18135,5,Muito bom!,2023-10-03 17:50:00
4897,10987,5,Comida deliciosa.,2023-02-14 05:12:00
4898,19784,5,Comida deliciosa.,2023-09-16 01:36:00
4899,12468,5,Muito bom!,2023-08-28 22:19:00
4900,17360,3,Pedido errado.,2023-03-08 05:44:00
4901,19262,1,Comida fria.,2023-09-03 14:04:00
4902,19674,5,Recomendo!,2023-06-19 07:56:00
4903,16664,5,Comida deliciosa.,2023-08-26 03:58:00
4904,589,1,Pode melhorar.,2024-01-02 03:05:00
4905,14201,5,Muito bom!,2023-09-22 05:38:00
4906,4912,4,Chegou rápido.,2023-01-08 08:30:00
4907,8185,5,Comida deliciosa.,2023-12-22 06:21:00
4908,8788,5,Recomendo!,2023-11-22 06:44:00
4909,18267,4,Chegou rápido.,2023-12-04 15:30:00
4910,140,4,Comida deliciosa.,2023-04-21 20:15:00
4911,18222,5,Muito bom!,2023-02-23 00:08:00
4912,12550,5,Excelente serviço.,2023-02-27 01:16:00
4913,13812,5,Comida deliciosa.,2023-08-07 03:25:00
4914,8200,5,Recomendo!,2023-02-12 01:50:00
4915,5016,5,Muito bom!,2023-09-06 02:07:00
4916,17570,4,Muito bom!,2023-08-05 17:58:00
4917,6382,5,Comida deliciosa.,2023-08-03 15:19:00
4918,10207,5,Muito bom!,2023-11-15 05:57:00
4919,6351,4,Muito bom!,2023-12-01 03:13:00
4920,4043,4,Excelente serviço.,2023-10-05 00:05:00
4921,11249,5,Recomendo!,2023-09-29 10:07:00
4922,16793,5,Muito bom!,2023-06-27 11:37:00
4923,2196,2,Pode melhorar.,2023-07-11 06:18:00
4924,8657,4,Muito bom!,2023-09-26 08:01:00
4925,11406,5,Recomendo!,2023-11-11 02:04:00
4926,14280,4,Chegou rápido.,2023-12-14 19:53:00
4927,12121,5,Muito bom!,2023-07-18 13:13:00
4928,6638,5,Comida deliciosa.,2023-07-22 08:55:00
4929,5075,5,Muito bom!,2023-08-13 23:40:00
4930,19965,5,Comida deliciosa.,2023-04-26 03:24:00
4931,3948,5,Muito bom!,2023-06-13 09:40:00
4932,1333,5,Recomendo!,2023-05-17 09:48:00
4933,3816,4,Comida deliciosa.,2023-02-09 16:51:00
4934,7935,5,Chegou rápido.,2023-03-25 07:49:00
4935,12287,4,Muito bom!,2023-12-13 07:31:00
4936,13978,3,Pode melhorar.,2023-10-18 13:58:00
4937,7413,4,Muito bom!,2023-05-04 01:27:00
4938,13835,3,Pedido errado.,2023-12-18 03:47:00
4939,13619,5,Excelente serviço.,2023-07-27 22:10:00
4940,8244,4,Muito bom!,2023-05-16 05:00:00
4941,19338,5,Recomendo!,2023-04-24 23:52:00
4942,9271,2,Demorou muito.,2023-12-13 16:34:00
4943,3628,5,Recomendo!,2023-09-24 05:24:00
4944,2792,2,Comida fria.,2023-06-23 18:27:00
4945,16381,4,Chegou rápido.,2023-01-05 10:29:00
4946,13837,5,Comida deliciosa.,2023-05-10 15:59:00
4947,1002,5,Muito bom!,2023-05-02 23:46:00
4948,9301,5,Excelente serviço.,2023-11-26 10:14:00
4949,6987,4,Comida deliciosa.,2023-09-27 02:21:00
4950,3022,4,Chegou rápido.,2023-08-21 09:54:00
4951,16939,5,Comida deliciosa.,2023-04-22 04:57:00
4952,10738,5,Excelente serviço.,2023-10-22 19:56:00
4953,19923,5,Excelente serviço.,2023-12-20 00:37:00
4954,7497,4,Comida deliciosa.,2023-12-06 15:37:00
4955,12927,4,Comida deliciosa.,2023-05-31 12:18:00
4956,16426,4,Recomendo!,2023-11-25 19:30:00
4957,4327,5,Comida deliciosa.,2023-12-27 02:11:00
4958,5486,5,Chegou rápido.,2023-03-19 20:55:00
4959,10870,5,Muito bom!,2023-09-09 07:29:00
4960,17827,4,Recomendo!,2023-06-28 23:46:00
4961,16219,3,Demorou muito.,2023-07-07 21:01:00
4962,8782,3,Pode melhorar.,2023-05-11 02:33:00
4963,8424,5,Muito bom!,2023-11-06 19:35:00
4964,19335,2,Não gostei.,2023-04-02 22:44:00
4965,17540,5,Recomendo!,2023-06-06 06:53:00
4966,14637,5,Chegou rápido.,2023-07-19 05:36:00
4967,6523,3,Pedido errado.,2023-02-15 06:05:00
4968,3002,5,Muito bom!,2023-07-26 08:03:00
4969,11711,1,Demorou muito.,2023-04-17 09:12:00
4970,14832,5,Muito bom!,2023-11-27 15:22:00
4971,3601,4,Excelente serviço.,2023-08-03 14:47:00
4972,12402,5,Comida deliciosa.,2023-10-07 05:21:00
4973,15931,5,Excelente serviço.,2023-10-12 07:40:00
4974,5682,4,Muito bom!,2023-01-04 06:19:00
4975,18328,4,Chegou rápido.,2023-11-01 09:21:00
4976,15847,5,Recomendo!,2023-07-02 15:26:00
4977,2750,5,Chegou rápido.,2023-05-15 05:40:00
4978,216,5,Recomendo!,2023-11-06 02:25:00
4979,18893,4,Comida deliciosa.,2023-08-13 23:50:00
4980,18140,5,Recomendo!,2023-03-29 12:45:00
4981,4739,5,Chegou rápido.,2023-02-05 17:19:00
4982,1502,3,Demorou muito.,2023-02-12 08:58:00
4983,16651,3,Pedido errado.,2023-03-04 02:47:00
4984,11685,5,Chegou rápido.,2023-10-17 19:28:00
4985,12924,5,Comida deliciosa.,2023-08-28 18:19:00
4986,4436,5,Recomendo!,2023-04-27 12:55:00
4987,8432,5,Muito bom!,2023-05-29 17:01:00
4988,14861,5,Muito bom!,2023-11-07 03:48:00
4989,11304,2,Comida fria.,2023-06-23 05:39:00
4990,11099,5,Muito bom!,2023-11-20 20:10:00
4991,4052,3,Não gostei.,2023-06-06 15:04:00
4992,10301,4,Chegou rápido.,2023-06-11 21:17:00
4993,1275,4,Recomendo!,2023-07-22 18:50:00
4994,2641,5,Excelente serviço.,2023-08-09 08:18:00
4995,17221,4,Comida deliciosa.,2023-10-28 14:09:00
4996,18697,5,Recomendo!,2023-10-15 01:47:00
4997,8824,5,Muito bom!,2023-08-14 23:17:00
4998,805,1,Comida fria.,2023-10-19 22:37:00
4999,11601,5,Recomendo!,2023-05-06 05:22:00
5000,13420,5,Excelente serviço.,2023-12-14 21:49:00
5001,10869,5,Comida deliciosa.,2023-01-04 09:56:00
5002,6197,4,Muito bom!,2023-01-11 13:12:00
5003,1711,5,Chegou rápido.,2023-05-19 05:38:00
5004,3668,5,Muito bom!,2023-04-04 04:28:00
5005,15952,4,Chegou rápido.,2023-12-02 09:16:00
5006,7534,4,Excelente serviço.,2023-07-08 07:37:00
5007,3182,5,Comida deliciosa.,2023-08-14 01:34:00
5008,7278,5,Chegou rápido.,2023-08-10 11:02:00
5009,15626,4,Muito bom!,2023-07-31 05:48:00
5010,16485,5,Muito bom!,2023-08-24 00:33:00
5011,14863,5,Muito bom!,2023-02-03 02:32:00
5012,1511,3,Demorou muito.,2023-10-10 04:54:00
5013,11862,3,Pedido errado.,2023-07-08 01:19:00
5014,11369,5,Recomendo!,2023-11-24 09:52:00
5015,13868,5,Comida deliciosa.,2023-08-23 23:45:00
5016,3665,1,Comida fria.,2023-06-25 07:55:00
5017,14517,4,Recomendo!,2023-05-16 01:54:00
5018,12163,3,Demorou muito.,2023-10-16 14:00:00
5019,10874,4,Recomendo!,2023-08-18 13:23:00
5020,592,5,Muito bom!,2023-01-23 23:53:00
5021,7321,5,Comida deliciosa.,2023-10-10 03:37:00
5022,4095,5,Recomendo!,2023-05-02 15:23:00
5023,18170,5,Recomendo!,2023-04-24 07:45:00
5024,30,5,Excelente serviço.,2023-11-22 10:38:00
5025,8839,5,Comida deliciosa.,2023-11-23 05:39:00
5026,6306,5,Chegou rápido.,2023-06-06 01:52:00
5027,1246,5,Chegou rápido.,2023-12-25 05:01:00
5028,3008,4,Comida deliciosa.,2023-04-15 01:03:00
5029,5828,4,Excelente serviço.,2023-05-03 01:25:00
5030,13586,5,Recomendo!,2023-05-29 11:39:00
5031,16764,5,Chegou rápido.,2023-07-28 07:59:00
5032,1409,4,Chegou rápido.,2023-10-02 04:57:00
5033,1361,5,Excelente serviço.,2023-07-19 13:44:00
5034,12795,5,Chegou rápido.,2023-01-20 05:08:00
5035,3125,4,Chegou rápido.,2023-08-06 02:42:00
5036,14100,4,Chegou rápido.,2023-08-23 09:31:00
5037,328,2,Comida fria.,2023-02-13 06:10:00
5038,11156,3,Demorou muito.,2023-02-20 08:55:00
5039,14844,5,Excelente serviço.,2023-03-24 15:38:00
5040,14030,5,Muito bom!,2023-03-19 03:00:00
5041,9802,5,Comida deliciosa.,2023-09-06 21:28:00
5042,7513,5,Comida deliciosa.,2023-01-04 06:27:00
5043,3897,4,Muito bom!,2023-09-20 18:09:00
5044,5796,5,Chegou rápido.,2023-03-05 01:42:00
5045,11078,5,Excelente serviço.,2023-03-03 01:58:00
5046,4947,4,Recomendo!,2023-02-04 01:44:00
5047,7680,3,Demorou muito.,2023-03-16 04:09:00
5048,1263,4,Excelente serviço.,2023-07-10 02:29:00
5049,15979,5,Excelente serviço.,2023-05-19 18:10:00
5050,16475,5,Recomendo!,2023-12-13 19:03:00
5051,16872,5,Chegou rápido.,2023-08-22 19:15:00
5052,4555,1,Demorou muito.,2023-11-03 20:43:00
5053,14562,5,Recomendo!,2023-02-11 04:34:00
5054,11789,1,Pode melhorar.,2023-11-27 21:22:00
5055,7945,4,Excelente serviço.,2023-05-28 02:43:00
5056,5797,4,Excelente serviço.,2023-06-30 12:00:00
5057,19750,4,Excelente serviço.,2023-01-24 01:41:00
5058,10807,4,Chegou rápido.,2023-08-13 20:52:00
5059,7811,3,Pode melhorar.,2023-03-11 04:10:00
5060,2944,4,Muito bom!,2023-09-17 22:33:00
5061,7738,4,Excelente serviço.,2023-03-08 06:50:00
5062,2378,1,Comida fria.,2023-01-12 20:03:00
5063,14813,5,Muito bom!,2023-04-05 10:29:00
5064,19253,4,Excelente serviço.,2023-09-21 10:32:00
5065,9739,5,Muito bom!,2023-11-15 08:57:00
5066,18742,3,Demorou muito.,2023-07-22 08:11:00
5067,15200,4,Chegou rápido.,2023-06-08 20:57:00
5068,9431,5,Recomendo!,2023-06-06 15:53:00
5069,8007,4,Muito bom!,2023-06-30 09:26:00
5070,4073,5,Chegou rápido.,2023-07-05 02:13:00
5071,5273,5,Excelente serviço.,2023-01-16 21:36:00
5072,4304,5,Muito bom!,2023-06-08 04:27:00
5073,2117,2,Pedido errado.,2023-02-26 15:22:00
5074,17845,4,Recomendo!,2023-04-27 06:45:00
5075,13830,4,Muito bom!,2023-02-14 08:23:00
5076,19222,5,Recomendo!,2023-08-24 11:45:00
5077,18062,5,Comida deliciosa.,2023-09-13 21:45:00
5078,19764,5,Chegou rápido.,2023-08-29 11:04:00
5079,12079,5,Muito bom!,2023-06-26 15:22:00
5080,17075,2,Não gostei.,2023-01-22 03:10:00
5081,4288,5,Comida deliciosa.,2023-08-25 14:12:00
5082,14777,1,Pedido errado.,2023-10-08 12:50:00
5083,9162,5,Excelente serviço.,2023-08-18 10:13:00
5084,9107,5,Muito bom!,2023-05-07 00:11:00
5085,17808,4,Muito bom!,2023-08-10 01:19:00
5086,15099,5,Recomendo!,2023-05-16 20:49:00
5087,18014,5,Recomendo!,2023-06-12 19:49:00
5088,13950,2,Pode melhorar.,2023-04-27 01:03:00
5089,12212,4,Comida deliciosa.,2023-09-30 21:12:00
5090,14554,2,Demorou muito.,2023-11-21 03:15:00
5091,18547,5,Comida deliciosa.,2023-02-23 07:52:00
5092,1750,5,Chegou rápido.,2023-12-24 13:13:00
5093,8957,5,Recomendo!,2023-03-28 20:05:00
5094,2426,3,Pedido errado.,2023-04-30 14:42:00
5095,6715,5,Comida deliciosa.,2023-05-08 00:10:00
5096,17868,4,Muito bom!,2023-06-19 15:45:00
5097,18078,5,Chegou rápido.,2023-10-03 10:30:00
5098,10046,5,Recomendo!,2023-09-14 06:53:00
5099,19665,5,Excelente serviço.,2023-09-12 13:50:00
5100,16958,1,Demorou muito.,2023-12-12 19:38:00
5101,19739,4,Muito bom!,2023-04-27 18:37:00
5102,18041,4,Excelente serviço.,2023-12-17 09:55:00
5103,1736,5,Excelente serviço.,2023-07-02 03:16:00
5104,19348,3,Não gostei.,2023-05-10 13:11:00
5105,11464,5,Excelente serviço.,2023-01-11 11:00:00
5106,14568,5,Chegou rápido.,2023-02-23 22:50:00
5107,7345,4,Chegou rápido.,2023-08-31 15:17:00
5108,18890,4,Recomendo!,2023-04-27 10:09:00
5109,3438,5,Muito bom!,2023-08-08 20:02:00
5110,798,5,Muito bom!,2023-07-11 15:01:00
5111,8737,5,Recomendo!,2023-04-10 12:42:00
5112,18087,5,Comida deliciosa.,2023-03-24 13:38:00
5113,10731,5,Recomendo!,2024-01-02 19:53:00
5114,2981,5,Chegou rápido.,2023-04-27 00:21:00
5115,4706,1,Demorou muito.,2023-05-31 22:22:00
5116,17101,2,Pode melhorar.,2023-12-09 09:13:00
5117,17336,4,Excelente serviço.,2023-07-16 04:40:00
5118,18509,5,Muito bom!,2023-07-06 18:51:00
5119,6479,3,Pedido errado.,2023-05-28 17:34:00
5120,16403,5,Comida deliciosa.,2023-08-18 23:09:00
5121,18700,4,Chegou rápido.,2023-04-12 12:57:00
5122,8448,4,Comida deliciosa.,2023-05-12 07:12:00
5123,11433,4,Comida deliciosa.,2023-09-06 16:03:00
5124,15036,5,Muito bom!,2023-03-20 21:33:00
5125,18968,3,Não gostei.,2023-05-13 20:23:00
5126,10898,5,Comida deliciosa.,2023-09-16 20:37:00
5127,4743,5,Comida deliciosa.,2023-04-05 20:56:00
5128,6529,5,Excelente serviço.,2023-01-29 18:27:00
5129,12455,5,Recomendo!,2023-07-21 04:16:00
5130,13122,5,Comida deliciosa.,2023-02-22 18:38:00
5131,12476,3,Pedido errado.,2023-06-26 12:51:00
5132,4015,5,Muito bom!,2023-03-25 09:06:00
5133,210,4,Muito bom!,2023-12-01 11:05:00
5134,16870,1,Pode melhorar.,2023-03-04 01:16:00
5135,2077,5,Chegou rápido.,2023-02-11 02:04:00
5136,15679,4,Recomendo!,2023-06-17 10:34:00
5137,13114,5,Recomendo!,2023-09-04 14:09:00
5138,1088,4,Chegou rápido.,2023-01-17 17:25:00
5139,11727,4,Muito bom!,2023-06-24 16:42:00
5140,4034,1,Demorou muito.,2023-12-19 17:31:00
5141,11911,5,Excelente serviço.,2023-04-19 23:16:00
5142,1797,5,Chegou rápido.,2023-01-25 16:15:00
5143,8451,3,Não gostei.,2023-01-15 00:40:00
5144,15424,3,Pedido errado.,2023-05-19 00:16:00
5145,18872,4,Chegou rápido.,2023-03-17 22:57:00
5146,9786,5,Comida deliciosa.,2023-09-19 03:29:00
5147,7285,4,Muito bom!,2023-10-16 22:43:00
5148,1436,2,Não gostei.,2023-10-27 20:06:00
5149,4505,5,Muito bom!,2023-09-19 19:12:00
5150,14026,5,Recomendo!,2023-03-21 01:17:00
5151,18531,2,Demorou muito.,2023-10-15 11:41:00
5152,17228,5,Chegou rápido.,2023-10-05 05:00:00
5153,1641,3,Não gostei.,2023-10-20 18:36:00
5154,4009,5,Comida deliciosa.,2023-03-15 02:56:00
5155,16689,5,Muito bom!,2023-02-08 21:03:00
5156,11006,5,Comida deliciosa.,2023-07-26 01:08:00
5157,11446,5,Muito bom!,2023-03-23 07:49:00
5158,18622,4,Comida deliciosa.,2023-07-04 14:10:00
5159,5197,5,Excelente serviço.,2023-01-16 22:00:00
5160,10166,5,Muito bom!,2023-12-05 20:46:00
5161,11349,5,Chegou rápido.,2023-02-26 02:50:00
5162,19007,4,Comida deliciosa.,2023-05-05 20:20:00
5163,7437,5,Comida deliciosa.,2023-07-12 04:26:00
5164,8637,5,Excelente serviço.,2023-05-12 05:18:00
5165,1133,4,Muito bom!,2023-12-03 10:20:00
5166,7460,5,Excelente serviço.,2023-01-24 18:19:00
5167,19542,4,Recomendo!,2023-12-22 17:35:00
5168,9517,5,Comida deliciosa.,2023-08-22 17:18:00
5169,52,5,Recomendo!,2023-06-22 16:08:00
5170,2893,5,Comida deliciosa.,2023-01-23 11:47:00
5171,2745,2,Não gostei.,2023-02-04 17:55:00
5172,4895,5,Recomendo!,2023-05-03 04:02:00
5173,15694,4,Excelente serviço.,2023-04-24 13:21:00
5174,15070,4,Muito bom!,2023-12-11 02:10:00
5175,4368,4,Comida deliciosa.,2023-04-09 04:24:00
5176,19272,1,Demorou muito.,2023-10-21 17:48:00
5177,8597,4,Muito bom!,2023-08-03 03:19:00
5178,13323,5,Recomendo!,2023-11-24 21:23:00
5179,10252,4,Excelente serviço.,2023-03-07 13:48:00
5180,15891,3,Comida fria.,2023-06-07 07:49:00
5181,14989,5,Recomendo!,2023-06-28 07:19:00
5182,3542,3,Comida fria.,2023-04-16 05:18:00
5183,19582,4,Comida deliciosa.,2023-02-16 14:56:00
5184,6657,3,Pedido errado.,2023-11-22 18:10:00
5185,1660,5,Excelente serviço.,2023-09-01 19:21:00
5186,11204,3,Pode melhorar.,2023-10-10 12:25:00
5187,19096,5,Chegou rápido.,2023-01-15 13:05:00
5188,3608,3,Comida fria.,2023-09-16 07:29:00
5189,18421,2,Comida fria.,2023-05-21 07:56:00
5190,5044,4,Chegou rápido.,2023-08-22 09:44:00
5191,494,5,Comida deliciosa.,2023-01-18 08:51:00
5192,18150,3,Pedido errado.,2023-04-26 10:02:00
5193,5701,2,Comida fria.,2023-12-22 09:11:00
5194,1877,4,Chegou rápido.,2023-02-23 13:17:00
5195,5642,2,Pode melhorar.,2023-08-11 06:42:00
5196,15105,5,Excelente serviço.,2023-01-07 12:54:00
5197,11660,5,Excelente serviço.,2023-05-07 20:28:00
5198,5089,4,Chegou rápido.,2023-05-27 04:49:00
5199,5699,3,Pedido errado.,2023-04-09 01:13:00
5200,19406,5,Comida deliciosa.,2023-11-30 05:28:00
5201,16157,5,Comida deliciosa.,2023-07-20 06:59:00
5202,10684,5,Comida deliciosa.,2023-04-11 20:18:00
5203,11572,1,Não gostei.,2023-01-23 12:56:00
5204,19823,5,Comida deliciosa.,2023-07-16 10:11:00
5205,18261,5,Muito bom!,2023-06-07 07:15:00
5206,420,5,Chegou rápido.,2023-08-10 02:59:00
5207,3004,5,Comida deliciosa.,2023-01-08 13:23:00
5208,12270,5,Chegou rápido.,2023-11-18 13:29:00
5209,1553,5,Excelente serviço.,2023-08-22 06:33:00
5210,6137,4,Recomendo!,2023-03-10 19:10:00
5211,2589,2,Comida fria.,2023-11-18 06:59:00
5212,11592,1,Demorou muito.,2023-08-25 16:09:00
5213,19681,5,Comida deliciosa.,2023-05-08 11:21:00
5214,9405,4,Comida deliciosa.,2023-03-19 13:47:00
5215,10189,5,Recomendo!,2023-08-14 19:51:00
5216,7612,5,Excelente serviço.,2023-02-08 02:21:00
5217,6749,4,Chegou rápido.,2023-12-05 00:52:00
5218,4603,4,Muito bom!,2023-11-06 16:23:00
5219,4297,5,Muito bom!,2023-08-08 10:24:00
5220,13854,3,Pedido errado.,2023-08-13 05:30:00
5221,13598,5,Chegou rápido.,2023-02-18 01:42:00
5222,18909,4,Chegou rápido.,2023-10-26 05:32:00
5223,7965,4,Recomendo!,2023-11-23 19:47:00
5224,13301,3,Não gostei.,2023-07-24 04:56:00
5225,11800,4,Recomendo!,2023-07-22 19:36:00
5226,4130,3,Pedido errado.,2023-04-20 18:02:00
5227,6941,5,Muito bom!,2023-06-11 14:15:00
5228,10289,5,Muito bom!,2023-04-11 17:11:00
5229,10105,3,Não gostei.,2023-01-24 06:09:00
5230,10388,1,Não gostei.,2023-08-15 05:04:00
5231,15641,3,Comida fria.,2023-11-26 07:34:00
5232,5654,4,Chegou rápido.,2023-01-05 09:13:00
5233,3389,4,Excelente serviço.,2023-07-04 07:21:00
5234,8811,5,Excelente serviço.,2023-04-03 17:49:00
5235,6450,2,Pode melhorar.,2023-02-07 01:13:00
5236,12273,4,Chegou rápido.,2023-04-01 16:22:00
5237,10444,5,Chegou rápido.,2023-09-12 10:05:00
5238,8890,5,Excelente serviço.,2023-03-01 19:19:00
5239,5511,3,Pode melhorar.,2023-12-06 19:28:00
5240,18461,5,Excelente serviço.,2023-04-19 20:31:00
5241,1608,5,Chegou rápido.,2023-09-09 19:42:00
5242,15026,5,Muito bom!,2023-03-06 05:43:00
5243,14628,4,Chegou rápido.,2023-08-11 00:15:00
5244,17690,4,Excelente serviço.,2023-08-30 15:55:00
5245,11154,5,Comida deliciosa.,2023-11-16 22:23:00
5246,15389,3,Demorou muito.,2023-01-06 07:39:00
5247,16310,4,Chegou rápido.,2023-12-21 09:37:00
5248,12777,5,Excelente serviço.,2023-05-26 08:14:00
5249,11668,5,Chegou rápido.,2023-03-14 06:42:00
5250,9827,3,Comida fria.,2023-04-26 09:11:00
5251,14876,5,Comida deliciosa.,2023-07-25 09:24:00
5252,5093,4,Comida deliciosa.,2024-01-02 20:15:00
5253,6113,1,Comida fria.,2023-06-30 21:06:00
5254,1620,2,Pedido errado.,2023-12-12 04:44:00
5255,4601,5,Muito bom!,2023-06-27 20:20:00
5256,13366,5,Chegou rápido.,2023-04-05 18:23:00
5257,2495,3,Demorou muito.,2023-02-06 02:43:00
5258,10106,3,Pode melhorar.,2023-12-21 00:52:00
5259,5027,5,Chegou rápido.,2023-10-20 02:01:00
5260,2851,5,Excelente serviço.,2023-08-05 10:05:00
5261,19444,4,Comida deliciosa.,2023-07-05 05:53:00
5262,8933,4,Excelente serviço.,2023-04-15 02:17:00
5263,12043,4,Excelente serviço.,2023-05-07 14:12:00
5264,3951,5,Excelente serviço.,2023-08-30 20:37:00
5265,1427,5,Muito bom!,2023-09-10 06:51:00
5266,11517,3,Demorou muito.,2023-09-02 21:30:00
5267,5740,5,Comida deliciosa.,2023-01-30 14:40:00
5268,10004,2,Demorou muito.,2023-04-22 00:05:00
5269,8767,5,Muito bom!,2023-03-10 21:59:00
5270,4270,3,Pedido errado.,2023-03-18 08:52:00
5271,15203,4,Excelente serviço.,2023-08-01 20:37:00
5272,8032,4,Recomendo!,2023-05-22 04:14:00
5273,16141,4,Excelente serviço.,2023-06-24 14:42:00
5274,7125,5,Muito bom!,2023-10-31 19:59:00
5275,5718,5,Recomendo!,2023-10-14 09:35:00
5276,3048,3,Pode melhorar.,2023-07-21 09:38:00
5277,992,5,Recomendo!,2023-06-29 01:59:00
5278,14338,4,Muito bom!,2023-03-07 19:41:00
5279,9041,4,Muito bom!,2023-03-26 14:30:00
5280,15963,4,Chegou rápido.,2023-06-14 08:49:00
5281,19879,4,Chegou rápido.,2023-01-12 02:03:00
5282,5398,4,Chegou rápido.,2023-12-07 00:51:00
5283,14276,5,Excelente serviço.,2023-07-09 05:04:00
5284,3374,5,Comida deliciosa.,2023-09-14 08:12:00
5285,8837,5,Muito bom!,2023-06-06 20:51:00
5286,3436,5,Excelente serviço.,2023-02-14 16:21:00
5287,4055,4,Muito bom!,2023-10-06 22:50:00
5288,944,3,Não gostei.,2023-12-07 05:11:00
5289,13452,5,Comida deliciosa.,2023-08-06 04:20:00
5290,286,5,Comida deliciosa.,2023-08-13 06:12:00
5291,14611,5,Excelente serviço.,2023-12-02 23:53:00
5292,14697,5,Comida deliciosa.,2023-05-20 23:47:00
5293,89,4,Chegou rápido.,2023-10-13 00:10:00
5294,3314,4,Chegou rápido.,2023-12-24 19:51:00
5295,14295,5,Recomendo!,2023-07-01 00:05:00
5296,12001,4,Recomendo!,2023-10-20 05:47:00
5297,13031,2,Comida fria.,2023-08-08 22:06:00
5298,7902,4,Chegou rápido.,2023-03-08 21:01:00
5299,14160,5,Excelente serviço.,2023-10-26 15:10:00
5300,2530,5,Muito bom!,2023-09-28 11:45:00
5301,15605,4,Chegou rápido.,2023-03-21 07:51:00
5302,7114,4,Chegou rápido.,2023-01-16 09:04:00
5303,9097,5,Recomendo!,2023-01-20 04:45:00
5304,609,5,Excelente serviço.,2023-08-11 11:06:00
5305,18463,5,Excelente serviço.,2023-08-05 11:05:00
5306,7462,3,Comida fria.,2023-04-02 18:15:00
5307,15355,4,Muito bom!,2023-09-16 08:55:00
5308,14833,5,Comida deliciosa.,2023-04-07 03:09:00
5309,8041,4,Recomendo!,2023-06-18 00:03:00
5310,6001,4,Excelente serviço.,2023-08-10 01:51:00
5311,12931,5,Muito bom!,2023-03-09 10:28:00
5312,10464,1,Comida fria.,2023-12-04 18:52:00
5313,3200,3,Não gostei.,2023-01-21 19:53:00
5314,17381,2,Pode melhorar.,2023-07-22 15:12:00
5315,1416,5,Comida deliciosa.,2023-03-03 09:16:00
5316,10384,4,Chegou rápido.,2023-12-06 06:56:00
5317,12427,3,Pode melhorar.,2023-01-21 20:05:00
5318,8232,1,Pode melhorar.,2023-07-09 18:35:00
5319,719,5,Muito bom!,2023-01-11 09:09:00
5320,7869,5,Muito bom!,2023-07-21 21:35:00
5321,9241,5,Recomendo!,2023-07-17 18:38:00
5322,8685,5,Comida deliciosa.,2023-12-27 12:41:00
5323,2187,1,Não gostei.,2023-05-09 01:21:00
5324,19259,5,Comida deliciosa.,2023-09-04 05:28:00
5325,5383,3,Pedido errado.,2023-05-06 16:19:00
5326,6322,2,Pedido errado.,2023-05-19 09:48:00
5327,14566,5,Excelente serviço.,2023-04-15 11:43:00
5328,9635,4,Comida deliciosa.,2023-04-11 05:27:00
5329,9281,3,Comida fria.,2023-06-25 17:30:00
5330,18964,5,Chegou rápido.,2023-07-09 14:44:00
5331,204,5,Recomendo!,2023-07-15 00:17:00
5332,16045,5,Chegou rápido.,2023-07-13 13:16:00
5333,1655,5,Comida deliciosa.,2023-08-03 09:27:00
5334,19742,5,Excelente serviço.,2023-09-22 12:26:00
5335,11257,2,Pedido errado.,2023-05-24 09:23:00
5336,12297,5,Chegou rápido.,2023-02-22 18:10:00
5337,10037,5,Chegou rápido.,2023-11-19 18:40:00
5338,15739,5,Recomendo!,2023-08-30 11:00:00
5339,15687,5,Excelente serviço.,2023-01-10 02:43:00
5340,5316,5,Chegou rápido.,2023-04-24 04:52:00
5341,6820,4,Recomendo!,2023-11-07 00:15:00
5342,12948,5,Comida deliciosa.,2023-07-19 23:54:00
5343,9013,5,Chegou rápido.,2023-05-20 03:43:00
5344,15047,5,Chegou rápido.,2023-01-30 20:01:00
5345,5244,4,Excelente serviço.,2023-06-23 01:45:00
5346,2573,5,Muito bom!,2023-06-10 13:37:00
5347,7315,2,Não gostei.,2023-02-15 05:38:00
5348,8348,4,Chegou rápido.,2023-01-26 05:16:00
5349,14785,5,Muito bom!,2023-04-30 01:36:00
5350,14591,4,Excelente serviço.,2023-03-21 12:22:00
5351,8120,5,Muito bom!,2023-03-30 17:27:00
5352,6189,5,Muito bom!,2023-08-27 09:25:00
5353,13246,4,Chegou rápido.,2023-02-09 09:49:00
5354,14860,4,Muito bom!,2023-12-26 19:57:00
5355,13760,5,Muito bom!,2023-08-25 02:01:00
5356,7864,5,Recomendo!,2023-09-17 22:35:00
5357,5145,5,Excelente serviço.,2023-04-21 18:51:00
5358,12586,5,Muito bom!,2023-02-24 06:08:00
5359,4584,4,Chegou rápido.,2023-02-14 15:46:00
5360,14352,3,Não gostei.,2023-08-24 05:51:00
5361,11364,5,Excelente serviço.,2023-03-16 04:10:00
5362,17982,4,Chegou rápido.,2023-02-10 03:26:00
5363,17321,5,Comida deliciosa.,2023-01-28 03:34:00
5364,10557,5,Excelente serviço.,2023-07-31 09:18:00
5365,6292,4,Chegou rápido.,2023-11-14 05:46:00
5366,1593,4,Chegou rápido.,2023-09-23 14:37:00
5367,12231,3,Demorou muito.,2023-08-06 03:39:00
5368,9613,3,Demorou muito.,2023-05-20 12:28:00
5369,352,2,Comida fria.,2023-02-25 08:41:00
5370,16752,4,Comida deliciosa.,2023-03-22 20:23:00
5371,9458,5,Muito bom!,2023-10-07 23:38:00
5372,12894,5,Chegou rápido.,2023-11-02 20:28:00
5373,11312,5,Recomendo!,2023-08-13 19:07:00
5374,3430,5,Chegou rápido.,2023-03-12 07:42:00
5375,3421,1,Comida fria.,2023-06-10 01:21:00
5376,4620,5,Muito bom!,2023-03-28 15:34:00
5377,6580,5,Comida deliciosa.,2023-08-18 02:32:00
5378,10547,5,Recomendo!,2023-11-02 13:16:00
5379,2875,3,Pode melhorar.,2023-01-05 01:48:00
5380,10591,5,Muito bom!,2023-05-18 08:17:00
5381,6990,5,Muito bom!,2023-02-17 02:22:00
5382,16452,4,Chegou rápido.,2023-02-13 02:57:00
5383,10055,5,Muito bom!,2023-08-10 03:01:00
5384,18179,5,Recomendo!,2023-07-13 00:11:00
5385,17718,4,Excelente serviço.,2023-11-18 02:56:00
5386,17110,5,Recomendo!,2023-12-13 15:57:00
5387,12356,2,Pode melhorar.,2023-09-12 03:50:00
5388,18009,5,Muito bom!,2023-03-04 23:52:00
5389,18836,4,Muito bom!,2023-11-03 10:34:00
5390,834,5,Comida deliciosa.,2023-07-19 01:47:00
5391,9398,5,Chegou rápido.,2023-12-06 12:34:00
5392,15797,3,Demorou muito.,2023-10-25 09:13:00
5393,191,4,Comida deliciosa.,2023-06-11 05:39:00
5394,18485,5,Excelente serviço.,2023-12-15 12:52:00
5395,15235,5,Comida deliciosa.,2023-11-27 00:51:00
5396,11250,5,Comida deliciosa.,2023-04-15 01:11:00
5397,4630,5,Chegou rápido.,2023-01-26 02:46:00
5398,17296,5,Chegou rápido.,2023-06-25 22:13:00
5399,16104,5,Chegou rápido.,2023-03-19 22:52:00
5400,19875,5,Recomendo!,2023-06-05 13:49:00
5401,19470,4,Muito bom!,2023-07-18 01:02:00
5402,6343,5,Muito bom!,2023-07-20 19:54:00
5403,4647,2,Não gostei.,2023-06-26 02:03:00
5404,8542,4,Excelente serviço.,2023-11-16 00:12:00
5405,6714,4,Muito bom!,2023-12-15 10:09:00
5406,17617,3,Demorou muito.,2023-12-19 00:07:00
5407,13610,4,Comida deliciosa.,2023-09-12 04:04:00
5408,10216,4,Muito bom!,2023-05-20 02:21:00
5409,10359,1,Não gostei.,2023-09-19 06:16:00
5410,18611,5,Excelente serviço.,2023-04-15 09:25:00
5411,5314,3,Demorou muito.,2023-08-14 17:23:00
5412,17649,4,Comida deliciosa.,2023-11-18 10:05:00
5413,10403,4,Chegou rápido.,2023-11-02 11:34:00
5414,15019,5,Excelente serviço.,2023-01-14 23:14:00
5415,2381,5,Recomendo!,2023-07-15 11:44:00
5416,9756,5,Comida deliciosa.,2023-06-14 00:08:00
5417,10875,5,Comida deliciosa.,2023-09-27 08:54:00
5418,9899,5,Chegou rápido.,2023-03-23 17:18:00
5419,15191,4,Excelente serviço.,2023-07-24 05:05:00
5420,13648,4,Recomendo!,2023-04-14 18:57:00
5421,15695,4,Recomendo!,2023-08-24 13:44:00
5422,18276,1,Demorou muito.,2023-12-09 07:41:00
5423,1821,5,Excelente serviço.,2023-05-30 00:36:00
5424,19152,5,Recomendo!,2023-04-12 03:54:00
5425,2563,3,Comida fria.,2023-10-28 23:04:00
5426,19303,5,Comida deliciosa.,2023-11-27 15:25:00
5427,2062,5,Chegou rápido.,2023-10-11 19:59:00
5428,5280,3,Não gostei.,2023-03-13 05:28:00
5429,17169,4,Recomendo!,2024-01-01 09:04:00
5430,11632,4,Excelente serviço.,2023-12-10 17:20:00
5431,8633,5,Recomendo!,2023-03-20 04:01:00
5432,3326,4,Comida deliciosa.,2023-09-19 16:22:00
5433,1095,5,Muito bom!,2023-10-26 10:20:00
5434,12988,5,Comida deliciosa.,2023-11-30 01:05:00
5435,11843,5,Recomendo!,2023-05-23 03:54:00
5436,12051,4,Excelente serviço.,2023-12-20 15:28:00
5437,12266,1,Pedido errado.,2023-09-06 10:09:00
5438,2512,4,Recomendo!,2023-09-07 22:38:00
5439,18937,5,Chegou rápido.,2023-04-28 15:41:00
5440,6302,4,Excelente serviço.,2023-09-26 22:40:00
5441,10272,4,Muito bom!,2023-12-02 01:08:00
5442,3692,5,Comida deliciosa.,2023-11-18 15:56:00
5443,15362,4,Recomendo!,2023-06-13 22:46:00
5444,17913,4,Recomendo!,2023-11-23 04:45:00
5445,7622,5,Muito bom!,2023-02-21 23:51:00
5446,15614,3,Pedido errado.,2023-04-01 17:46:00
5447,7576,4,Excelente serviço.,2023-03-05 04:36:00
5448,4701,4,Excelente serviço.,2023-02-18 07:01:00
5449,18735,4,Chegou rápido.,2023-11-07 20:34:00
5450,17192,3,Não gostei.,2023-07-27 10:18:00
5451,15757,5,Recomendo!,2024-01-01 13:12:00
5452,4949,4,Recomendo!,2023-08-08 02:51:00
5453,1190,2,Pode melhorar.,2023-07-25 17:15:00
5454,10241,3,Pedido errado.,2023-11-13 00:40:00
5455,18116,5,Muito bom!,2023-09-27 21:01:00
5456,10896,1,Pode melhorar.,2023-10-17 04:58:00
5457,5413,5,Recomendo!,2023-08-24 09:46:00
5458,11479,5,Muito bom!,2023-01-31 03:40:00
5459,2755,5,Recomendo!,2023-06-23 04:22:00
5460,12870,5,Excelente serviço.,2023-11-19 11:49:00
5461,17163,2,Demorou muito.,2023-11-25 21:22:00
5462,11530,4,Chegou rápido.,2023-11-04 00:03:00
5463,4558,4,Recomendo!,2023-04-20 05:24:00
5464,1110,5,Muito bom!,2023-07-27 05:58:00
5465,17677,5,Comida deliciosa.,2023-10-23 16:11:00
5466,11524,5,Muito bom!,2023-12-24 10:19:00
5467,9256,4,Recomendo!,2023-11-19 08:01:00
5468,3132,5,Muito bom!,2023-08-26 05:10:00
5469,18966,5,Comida deliciosa.,2023-11-18 08:54:00
5470,3846,4,Muito bom!,2023-09-21 08:06:00
5471,1536,5,Recomendo!,2023-12-02 00:12:00
5472,4796,5,Excelente serviço.,2023-08-06 17:56:00
5473,2030,3,Não gostei.,2023-05-11 19:28:00
5474,16822,5,Muito bom!,2023-01-29 08:20:00
5475,10007,5,Comida deliciosa.,2023-12-20 06:21:00
5476,15932,2,Não gostei.,2023-10-19 07:15:00
5477,19196,5,Chegou rápido.,2023-07-07 16:59:00
5478,5918,5,Chegou rápido.,2023-12-13 09:56:00
5479,19998,5,Excelente serviço.,2023-10-31 01:58:00
5480,11470,3,Não gostei.,2023-10-11 00:53:00
5481,7708,5,Recomendo!,2023-09-26 19:48:00
5482,19746,4,Recomendo!,2023-03-20 15:32:00
5483,4169,2,Comida fria.,2023-02-02 16:47:00
5484,19808,4,Excelente serviço.,2023-04-03 14:36:00
5485,3833,5,Excelente serviço.,2023-08-12 11:01:00
5486,11676,5,Excelente serviço.,2023-03-30 09:51:00
5487,15537,5,Comida deliciosa.,2023-01-05 00:25:00
5488,6311,5,Excelente serviço.,2023-02-23 23:19:00
5489,15221,3,Comida fria.,2023-10-13 19:37:00
5490,7080,5,Comida deliciosa.,2023-07-21 22:40:00
5491,19168,3,Pedido errado.,2023-05-20 01:36:00
5492,15495,5,Recomendo!,2023-03-27 08:02:00
5493,1710,3,Comida fria.,2023-08-30 15:24:00
5494,2704,4,Muito bom!,2023-10-14 23:47:00
5495,6772,4,Chegou rápido.,2023-04-30 14:25:00
5496,18249,3,Comida fria.,2024-01-02 12:07:00
5497,14332,5,Comida deliciosa.,2023-06-28 15:11:00
5498,13529,3,Pedido errado.,2023-09-23 20:46:00
5499,4548,4,Recomendo!,2023-06-26 20:20:00
5500,15870,5,Muito bom!,2023-01-27 03:54:00
5501,5808,2,Pode melhorar.,2023-01-19 14:00:00
5502,5130,5,Muito bom!,2023-06-04 09:12:00
5503,6270,5,Excelente serviço.,2023-02-13 10:59:00
5504,9871,5,Muito bom!,2023-08-13 21:06:00
5505,11374,1,Demorou muito.,2023-07-17 15:07:00
5506,14039,4,Excelente serviço.,2023-12-15 16:14:00
5507,576,1,Não gostei.,2023-12-03 15:54:00
5508,11288,5,Muito bom!,2023-07-05 12:15:00
5509,8649,5,Recomendo!,2023-11-24 00:57:00
5510,13449,5,Comida deliciosa.,2023-03-29 09:57:00
5511,10490,5,Excelente serviço.,2023-02-25 17:10:00
5512,3223,2,Pedido errado.,2023-06-24 22:32:00
5513,8951,3,Demorou muito.,2023-07-12 13:57:00
5514,1200,2,Demorou muito.,2023-12-18 03:12:00
5515,15145,4,Chegou rápido.,2023-06-26 03:46:00
5516,9068,4,Comida deliciosa.,2023-03-22 17:24:00
5517,1075,5,Recomendo!,2023-03-30 04:23:00
5518,9283,2,Demorou muito.,2023-03-24 11:09:00
5519,7026,2,Pedido errado.,2023-10-17 17:59:00
5520,3454,4,Recomendo!,2023-10-25 00:34:00
5521,17550,4,Muito bom!,2023-09-28 14:43:00
5522,17218,5,Muito bom!,2023-07-16 23:44:00
5523,12324,2,Demorou muito.,2023-12-25 06:17:00
5524,3655,4,Chegou rápido.,2023-03-07 19:23:00
5525,17188,5,Comida deliciosa.,2023-04-30 22:58:00
5526,18303,4,Chegou rápido.,2023-08-28 14:36:00
5527,15074,5,Excelente serviço.,2023-11-04 14:05:00
5528,16932,4,Recomendo!,2023-03-24 19:54:00
5529,3724,5,Excelente serviço.,2023-01-29 18:44:00
5530,16296,5,Chegou rápido.,2023-09-15 20:52:00
5531,2433,4,Muito bom!,2023-11-02 11:01:00
5532,16614,5,Excelente serviço.,2023-04-25 00:56:00
5533,9044,5,Chegou rápido.,2023-06-21 08:29:00
5534,4054,5,Comida deliciosa.,2023-09-14 14:10:00
5535,19648,5,Recomendo!,2023-10-30 21:32:00
5536,19184,4,Chegou rápido.,2023-05-10 19:06:00
5537,2687,5,Chegou rápido.,2023-11-10 12:41:00
5538,10766,4,Recomendo!,2023-03-20 12:33:00
5539,9501,5,Comida deliciosa.,2023-07-01 20:47:00
5540,15981,4,Recomendo!,2023-05-25 20:40:00
5541,5206,5,Chegou rápido.,2023-10-27 17:02:00
5542,10866,4,Chegou rápido.,2023-08-29 17:39:00
5543,403,5,Chegou rápido.,2023-12-05 07:40:00
5544,12742,5,Recomendo!,2023-01-20 14:02:00
5545,15304,4,Excelente serviço.,2023-03-01 18:01:00
5546,19649,3,Demorou muito.,2023-02-09 06:46:00
5547,5632,5,Recomendo!,2023-04-14 12:03:00
5548,6164,4,Chegou rápido.,2023-05-13 13:32:00
5549,13212,4,Comida deliciosa.,2023-01-08 04:47:00
5550,14074,4,Chegou rápido.,2023-05-09 07:26:00
5551,16017,5,Muito bom!,2023-06-26 09:03:00
5552,1967,1,Pode melhorar.,2023-06-24 11:48:00
5553,15538,2,Comida fria.,2023-12-11 08:44:00
5554,3099,5,Muito bom!,2023-06-11 10:48:00
5555,18762,5,Chegou rápido.,2024-01-01 10:30:00
5556,914,4,Comida deliciosa.,2023-04-24 21:22:00
5557,14823,2,Pedido errado.,2023-09-06 06:15:00
5558,1599,5,Chegou rápido.,2023-08-21 07:28:00
5559,6445,5,Muito bom!,2023-10-04 13:31:00
5560,13737,5,Chegou rápido.,2023-09-03 02:06:00
5561,16287,4,Chegou rápido.,2023-09-01 19:07:00
5562,12549,5,Muito bom!,2023-10-04 06:14:00
5563,3597,2,Pode melhorar.,2023-03-23 15:10:00
5564,19023,5,Recomendo!,2023-03-16 15:40:00
5565,15624,5,Comida deliciosa.,2023-05-15 01:46:00
5566,10923,5,Excelente serviço.,2023-08-27 09:19:00
5567,3319,4,Recomendo!,2024-01-01 20:56:00
5568,2712,5,Recomendo!,2023-12-31 18:39:00
5569,4982,1,Não gostei.,2023-12-13 19:40:00
5570,14723,5,Muito bom!,2023-11-30 12:51:00
5571,15746,5,Excelente serviço.,2023-03-12 09:37:00
5572,7951,3,Comida fria.,2023-02-17 23:54:00
5573,230,5,Excelente serviço.,2023-08-04 09:12:00
5574,12987,2,Demorou muito.,2023-09-27 07:06:00
5575,2616,1,Pode melhorar.,2023-01-19 22:32:00
5576,4914,4,Muito bom!,2023-04-28 19:10:00
5577,8189,4,Recomendo!,2023-03-15 20:17:00
5578,7969,1,Não gostei.,2023-10-03 05:08:00
5579,15865,4,Chegou rápido.,2023-04-08 10:25:00
5580,5225,4,Comida deliciosa.,2023-06-23 00:51:00
5581,13338,1,Pode melhorar.,2023-08-17 13:22:00
5582,4296,4,Recomendo!,2023-11-15 19:53:00
5583,17680,5,Chegou rápido.,2023-10-29 05:08:00
5584,12682,4,Chegou rápido.,2023-11-25 12:22:00
5585,2790,1,Comida fria.,2023-06-25 19:29:00
5586,7039,5,Chegou rápido.,2023-04-09 16:05:00
5587,14677,4,Chegou rápido.,2023-04-12 08:50:00
5588,17017,4,Chegou rápido.,2023-02-03 19:01:00
5589,847,4,Recomendo!,2023-06-18 11:27:00
5590,16607,5,Chegou rápido.,2023-12-29 16:32:00
5591,5577,4,Excelente serviço.,2023-07-06 07:33:00
5592,15780,4,Recomendo!,2023-12-05 22:45:00
5593,4158,5,Excelente serviço.,2023-08-29 13:55:00
5594,18491,5,Chegou rápido.,2023-07-03 11:19:00
5595,3676,5,Muito bom!,2023-11-15 14:51:00
5596,5111,4,Comida deliciosa.,2023-11-27 10:25:00
5597,18385,5,Chegou rápido.,2023-01-07 11:43:00
5598,5648,5,Excelente serviço.,2023-03-09 11:47:00
5599,5670,5,Comida deliciosa.,2023-06-08 23:20:00
5600,1007,4,Muito bom!,2023-07-13 21:37:00
5601,19281,5,Excelente serviço.,2023-12-15 22:21:00
5602,17078,5,Excelente serviço.,2023-12-03 00:58:00
5603,12843,5,Comida deliciosa.,2023-03-10 09:18:00
5604,263,5,Muito bom!,2023-03-20 02:11:00
5605,6465,4,Recomendo!,2023-03-12 19:58:00
5606,9316,4,Recomendo!,2023-10-27 06:05:00
5607,16716,5,Muito bom!,2023-11-13 07:47:00
5608,16464,4,Recomendo!,2023-04-18 02:46:00
5609,10253,2,Pode melhorar.,2023-04-01 18:03:00
5610,14805,4,Excelente serviço.,2023-09-23 12:35:00
5611,7796,4,Muito bom!,2023-08-03 07:32:00
5612,977,1,Não gostei.,2023-01-14 23:57:00
5613,7205,5,Recomendo!,2023-02-09 07:54:00
5614,18339,4,Excelente serviço.,2023-08-28 10:02:00
5615,3181,5,Chegou rápido.,2023-03-06 23:19:00
5616,18483,5,Excelente serviço.,2023-01-06 09:54:00
5617,17993,4,Comida deliciosa.,2023-07-29 13:17:00
5618,4375,4,Comida deliciosa.,2023-06-08 02:55:00
5619,13567,5,Muito bom!,2023-02-25 09:40:00
5620,13480,3,Pedido errado.,2023-02-04 17:53:00
5621,5414,4,Chegou rápido.,2023-06-09 05:02:00
5622,313,5,Excelente serviço.,2023-01-06 09:12:00
5623,12763,5,Excelente serviço.,2023-02-03 19:58:00
5624,12701,5,Recomendo!,2023-06-25 21:03:00
5625,7819,5,Comida deliciosa.,2023-04-06 21:15:00
5626,13376,3,Pode melhorar.,2023-12-27 14:56:00
5627,15796,5,Comida deliciosa.,2023-07-23 00:49:00
5628,9632,4,Muito bom!,2023-11-23 01:07:00
5629,2283,5,Recomendo!,2023-03-21 05:42:00
5630,6992,4,Chegou rápido.,2023-03-17 06:13:00
5631,11537,5,Excelente serviço.,2023-04-07 14:12:00
5632,16566,3,Comida fria.,2023-06-29 09:34:00
5633,12021,1,Pode melhorar.,2023-03-01 14:25:00
5634,7903,4,Excelente serviço.,2023-05-12 07:07:00
5635,13140,5,Comida deliciosa.,2023-07-26 10:32:00
5636,5099,3,Pedido errado.,2023-01-11 18:10:00
5637,5556,1,Comida fria.,2023-06-19 04:14:00
5638,18858,5,Chegou rápido.,2023-12-11 19:19:00
5639,18243,4,Excelente serviço.,2023-04-20 12:06:00
5640,17194,1,Pode melhorar.,2023-05-04 06:17:00
5641,18484,2,Pode melhorar.,2023-10-07 09:09:00
5642,3661,2,Não gostei.,2023-09-04 18:00:00
5643,9819,3,Não gostei.,2023-10-27 07:38:00
5644,2802,4,Comida deliciosa.,2023-12-02 13:10:00
5645,1846,5,Muito bom!,2023-05-30 13:13:00
5646,19073,4,Comida deliciosa.,2023-04-20 16:03:00
5647,15107,5,Excelente serviço.,2023-06-01 01:08:00
5648,8378,3,Demorou muito.,2023-11-21 17:01:00
5649,11248,5,Recomendo!,2023-09-29 11:46:00
5650,8932,2,Comida fria.,2023-06-27 07:51:00
5651,2367,5,Muito bom!,2023-08-23 18:44:00
5652,17567,5,Chegou rápido.,2023-11-01 07:27:00
5653,14275,5,Chegou rápido.,2023-04-11 10:49:00
5654,9475,5,Excelente serviço.,2023-11-06 06:46:00
5655,8993,4,Recomendo!,2023-09-24 23:12:00
5656,14091,4,Chegou rápido.,2023-04-12 15:28:00
5657,661,5,Chegou rápido.,2023-07-10 21:56:00
5658,7986,4,Chegou rápido.,2023-02-01 09:31:00
5659,11285,5,Recomendo!,2023-12-17 09:33:00
5660,19813,5,Muito bom!,2023-04-18 07:31:00
5661,15994,5,Muito bom!,2023-09-09 10:10:00
5662,8501,4,Muito bom!,2023-06-16 07:43:00
5663,16375,5,Comida deliciosa.,2023-07-14 06:47:00
5664,19038,5,Muito bom!,2023-12-25 12:59:00
5665,4392,4,Recomendo!,2023-07-29 09:56:00
5666,612,4,Excelente serviço.,2023-04-24 01:34:00
5667,3189,5,Comida deliciosa.,2023-08-16 08:04:00
5668,17746,5,Comida deliciosa.,2023-07-30 15:39:00
5669,7189,5,Muito bom!,2023-03-11 05:27:00
5670,9752,5,Chegou rápido.,2023-10-08 22:30:00
5671,17662,5,Chegou rápido.,2023-04-21 05:08:00
5672,6098,4,Muito bom!,2023-01-08 04:07:00
5673,8006,2,Comida fria.,2023-05-19 13:59:00
5674,7601,5,Excelente serviço.,2023-06-05 10:25:00
5675,17657,2,Pode melhorar.,2023-01-29 21:54:00
5676,8815,4,Chegou rápido.,2023-10-05 14:44:00
5677,14411,4,Recomendo!,2023-10-23 00:30:00
5678,697,4,Recomendo!,2023-05-15 17:51:00
5679,3317,2,Pedido errado.,2023-02-06 16:11:00
5680,6727,4,Excelente serviço.,2023-10-21 01:18:00
5681,2845,5,Excelente serviço.,2023-01-03 04:02:00
5682,2605,3,Não gostei.,2023-11-03 14:00:00
5683,4184,4,Excelente serviço.,2023-06-01 15:02:00
5684,8459,3,Pedido errado.,2023-09-19 18:13:00
5685,17152,5,Muito bom!,2023-05-16 06:46:00
5686,4025,4,Muito bom!,2023-10-26 16:09:00
5687,13871,4,Recomendo!,2023-08-31 22:05:00
5688,16767,4,Chegou rápido.,2023-05-05 15:29:00
5689,18868,5,Recomendo!,2023-01-19 00:04:00
5690,4172,4,Chegou rápido.,2023-08-03 06:16:00
5691,14479,4,Excelente serviço.,2023-02-21 21:01:00
5692,14872,5,Chegou rápido.,2023-04-04 17:34:00
5693,3996,5,Chegou rápido.,2023-03-18 05:36:00
5694,4470,4,Muito bom!,2023-07-15 08:24:00
5695,18938,4,Comida deliciosa.,2023-09-08 15:54:00
5696,13581,5,Excelente serviço.,2023-09-06 10:00:00
5697,6746,5,Comida deliciosa.,2023-01-12 04:47:00
5698,3347,5,Muito bom!,2023-08-08 04:15:00
5699,226,3,Demorou muito.,2023-12-19 02:15:00
5700,16945,4,Chegou rápido.,2023-09-22 23:31:00
5701,3864,5,Muito bom!,2023-06-06 12:55:00
5702,8552,4,Chegou rápido.,2023-05-06 12:46:00
5703,3852,4,Muito bom!,2023-09-26 06:33:00
5704,18704,5,Muito bom!,2023-05-26 13:00:00
5705,4048,4,Recomendo!,2023-11-25 16:53:00
5706,18186,4,Chegou rápido.,2023-04-17 12:43:00
5707,13195,4,Muito bom!,2023-08-30 10:02:00
5708,4403,5,Muito bom!,2023-03-30 19:08:00
5709,15719,4,Muito bom!,2023-03-21 16:28:00
5710,12875,3,Não gostei.,2023-06-17 12:14:00
5711,8922,3,Não gostei.,2023-11-06 23:22:00
5712,3379,5,Muito bom!,2023-07-16 07:49:00
5713,15444,5,Chegou rápido.,2023-06-22 15:21:00
5714,14092,2,Demorou muito.,2023-12-30 02:54:00
5715,16641,3,Pode melhorar.,2023-04-14 08:16:00
5716,12764,4,Recomendo!,2023-01-01 23:27:00
5717,15239,2,Demorou muito.,2023-08-12 03:55:00
5718,14392,4,Muito bom!,2023-07-19 07:27:00
5719,12409,5,Comida deliciosa.,2023-03-15 15:56:00
5720,15299,4,Comida deliciosa.,2023-02-16 10:19:00
5721,2399,5,Excelente serviço.,2023-10-12 17:43:00
5722,18423,1,Pode melhorar.,2023-08-31 17:24:00
5723,12891,2,Pedido errado.,2023-03-07 05:06:00
5724,4443,4,Comida deliciosa.,2023-01-22 06:54:00
5725,5655,5,Recomendo!,2023-12-09 15:54:00
5726,5262,5,Comida deliciosa.,2023-12-14 16:39:00
5727,19312,5,Recomendo!,2023-03-23 00:10:00
5728,17531,2,Comida fria.,2023-01-02 01:00:00
5729,3926,5,Chegou rápido.,2023-03-12 23:02:00
5730,12898,4,Comida deliciosa.,2023-03-04 20:49:00
5731,1040,3,Pedido errado.,2023-09-30 06:16:00
5732,11441,4,Excelente serviço.,2023-06-18 20:33:00
5733,14395,3,Pedido errado.,2023-09-02 10:57:00
5734,548,4,Recomendo!,2023-09-23 22:01:00
5735,2057,5,Comida deliciosa.,2023-06-05 21:47:00
5736,19315,5,Excelente serviço.,2023-08-28 22:11:00
5737,6524,4,Chegou rápido.,2023-03-24 21:44:00
5738,15901,5,Comida deliciosa.,2023-03-04 17:50:00
5739,17173,5,Excelente serviço.,2023-05-14 23:22:00
5740,9268,4,Excelente serviço.,2023-04-05 05:50:00
5741,445,4,Chegou rápido.,2023-06-09 10:20:00
5742,9129,3,Pedido errado.,2023-04-02 04:03:00
5743,4481,5,Excelente serviço.,2023-05-19 20:38:00
5744,19435,5,Chegou rápido.,2023-12-06 19:36:00
5745,9446,5,Muito bom!,2023-10-19 10:38:00
5746,5517,5,Comida deliciosa.,2023-12-16 13:41:00
5747,4567,4,Comida deliciosa.,2023-04-19 20:42:00
5748,3393,1,Não gostei.,2023-04-02 23:33:00
5749,16137,5,Excelente serviço.,2023-07-11 18:27:00
5750,13175,5,Muito bom!,2023-12-04 01:43:00
5751,19512,5,Comida deliciosa.,2023-08-07 02:24:00
5752,4017,4,Muito bom!,2023-03-15 01:29:00
5753,18280,1,Comida fria.,2023-03-09 09:01:00
5754,1896,4,Comida deliciosa.,2023-07-26 13:55:00
5755,9915,5,Comida deliciosa.,2023-01-07 05:44:00
5756,16429,5,Excelente serviço.,2023-04-15 11:56:00
5757,8268,1,Comida fria.,2023-01-29 11:13:00
5758,10679,4,Recomendo!,2023-06-18 01:52:00
5759,5733,5,Chegou rápido.,2023-05-15 21:10:00
5760,2339,4,Recomendo!,2023-02-13 02:55:00
5761,10650,5,Comida deliciosa.,2023-07-29 08:20:00
5762,16293,5,Chegou rápido.,2023-06-05 09:55:00
5763,3135,3,Pedido errado.,2023-08-02 13:50:00
5764,4062,5,Recomendo!,2023-09-11 10:26:00
5765,4108,5,Excelente serviço.,2023-03-02 19:07:00
5766,11306,5,Chegou rápido.,2023-10-24 15:45:00
5767,7185,5,Comida deliciosa.,2023-06-25 13:07:00
5768,4242,5,Excelente serviço.,2023-12-14 15:57:00
5769,10323,5,Recomendo!,2023-06-12 00:59:00
5770,5964,1,Pedido errado.,2023-12-23 13:19:00
5771,6380,4,Excelente serviço.,2023-06-06 17:55:00
5772,16350,5,Chegou rápido.,2023-12-17 20:48:00
5773,14648,5,Recomendo!,2023-07-06 23:13:00
5774,9580,5,Chegou rápido.,2023-05-31 18:29:00
5775,16910,2,Pode melhorar.,2023-09-28 22:00:00
5776,7491,1,Pedido errado.,2023-02-19 20:41:00
5777,9963,3,Comida fria.,2023-03-29 00:48:00
5778,9084,5,Muito bom!,2023-10-21 11:39:00
5779,19537,4,Excelente serviço.,2023-05-14 10:50:00
5780,7109,5,Comida deliciosa.,2023-11-30 12:16:00
5781,1393,4,Comida deliciosa.,2023-12-11 05:43:00
5782,16858,3,Pedido errado.,2023-11-13 23:27:00
5783,17217,4,Muito bom!,2023-07-04 19:07:00
5784,16508,4,Comida deliciosa.,2023-02-19 05:10:00
5785,8045,5,Chegou rápido.,2023-09-13 22:49:00
5786,1187,5,Excelente serviço.,2023-09-18 01:56:00
5787,148,5,Recomendo!,2023-04-29 01:59:00
5788,11775,2,Demorou muito.,2023-12-18 01:23:00
5789,14301,5,Excelente serviço.,2023-08-13 06:50:00
5790,6595,4,Excelente serviço.,2023-08-24 00:53:00
5791,12837,5,Comida deliciosa.,2023-07-26 17:28:00
5792,13108,5,Muito bom!,2023-05-18 16:33:00
5793,11456,4,Chegou rápido.,2023-11-25 05:37:00
5794,16127,4,Chegou rápido.,2023-05-26 08:32:00
5795,15525,3,Demorou muito.,2023-09-19 05:45:00
5796,10977,1,Pedido errado.,2023-01-07 22:34:00
5797,5327,5,Chegou rápido.,2023-05-03 02:19:00
5798,4507,4,Chegou rápido.,2023-06-18 22:52:00
5799,15559,5,Chegou rápido.,2023-03-07 05:54:00
5800,5443,1,Pode melhorar.,2023-11-25 05:48:00
5801,12010,5,Excelente serviço.,2024-01-01 18:32:00
5802,11964,4,Chegou rápido.,2023-09-29 22:43:00
5803,17255,5,Chegou rápido.,2023-03-27 17:06:00
5804,17864,4,Recomendo!,2023-10-07 19:00:00
5805,15642,1,Pedido errado.,2023-03-27 02:08:00
5806,8205,5,Excelente serviço.,2023-07-04 19:33:00
5807,13986,5,Muito bom!,2023-07-03 20:12:00
5808,3453,4,Excelente serviço.,2023-07-30 04:41:00
5809,17398,5,Excelente serviço.,2023-09-06 13:09:00
5810,9358,5,Muito bom!,2023-01-06 23:44:00
5811,17943,5,Chegou rápido.,2023-03-10 05:35:00
5812,12269,4,Muito bom!,2023-10-04 21:19:00
5813,17753,2,Não gostei.,2023-02-07 17:18:00
5814,16330,5,Excelente serviço.,2023-06-06 03:30:00
5815,13534,5,Muito bom!,2023-07-20 02:40:00
5816,15322,5,Chegou rápido.,2023-01-05 08:46:00
5817,5637,3,Não gostei.,2023-08-13 20:37:00
5818,15583,4,Muito bom!,2023-10-31 10:08:00
5819,5630,5,Chegou rápido.,2023-06-09 12:37:00
5820,6536,4,Chegou rápido.,2023-05-12 04:51:00
5821,17470,4,Comida deliciosa.,2023-11-06 22:45:00
5822,10503,5,Recomendo!,2024-01-02 13:36:00
5823,19789,5,Muito bom!,2023-02-14 02:06:00
5824,11879,5,Excelente serviço.,2023-01-16 03:00:00
5825,3924,1,Pode melhorar.,2023-10-27 00:39:00
5826,4894,5,Excelente serviço.,2023-11-03 20:59:00
5827,4111,5,Muito bom!,2023-09-11 05:08:00
5828,11082,4,Chegou rápido.,2023-03-28 10:21:00
5829,14345,5,Muito bom!,2023-11-26 12:27:00
5830,989,5,Excelente serviço.,2023-06-17 07:22:00
5831,14969,5,Recomendo!,2023-06-10 20:46:00
5832,19049,5,Recomendo!,2023-05-05 16:00:00
5833,1273,4,Muito bom!,2023-01-26 22:50:00
5834,16649,4,Excelente serviço.,2023-02-17 05:18:00
5835,13879,5,Excelente serviço.,2023-05-03 14:45:00
5836,16194,4,Recomendo!,2023-08-16 04:04:00
5837,13542,5,Recomendo!,2023-05-22 20:16:00
5838,14058,5,Excelente serviço.,2023-10-17 00:35:00
5839,16734,5,Muito bom!,2023-07-04 09:41:00
5840,4905,2,Não gostei.,2023-11-27 21:15:00
5841,4342,5,Chegou rápido.,2023-12-29 11:30:00
5842,12205,3,Pode melhorar.,2023-02-19 11:16:00
5843,4171,5,Chegou rápido.,2023-08-18 17:00:00
5844,14889,1,Demorou muito.,2023-02-12 12:04:00
5845,12814,5,Comida deliciosa.,2023-09-02 15:23:00
5846,10982,4,Chegou rápido.,2023-10-20 00:46:00
5847,19426,4,Excelente serviço.,2023-05-05 05:52:00
5848,2857,5,Excelente serviço.,2023-08-09 00:30:00
5849,13969,3,Demorou muito.,2023-03-08 02:23:00
5850,19543,5,Comida deliciosa.,2023-05-16 00:44:00
5851,19708,4,Muito bom!,2023-01-22 23:05:00
5852,6341,5,Recomendo!,2023-07-10 03:57:00
5853,2575,5,Excelente serviço.,2023-04-23 08:32:00
5854,11909,4,Comida deliciosa.,2023-01-23 20:15:00
5855,45,4,Excelente serviço.,2023-07-23 17:59:00
5856,6446,5,Muito bom!,2023-04-01 19:20:00
5857,2685,4,Comida deliciosa.,2023-04-28 11:25:00
5858,5857,5,Recomendo!,2023-07-19 01:24:00
5859,12364,4,Excelente serviço.,2023-10-12 06:02:00
5860,8871,5,Comida deliciosa.,2023-12-10 13:45:00
5861,5333,5,Recomendo!,2023-11-05 05:32:00
5862,9990,4,Excelente serviço.,2023-10-06 14:48:00
5863,15177,4,Chegou rápido.,2023-03-25 10:08:00
5864,16095,4,Excelente serviço.,2023-09-19 23:10:00
5865,7007,4,Recomendo!,2023-03-11 06:07:00
5866,585,3,Pode melhorar.,2023-11-13 01:59:00
5867,7976,4,Comida deliciosa.,2023-02-07 18:43:00
5868,17583,5,Excelente serviço.,2023-02-13 02:11:00
5869,6177,5,Muito bom!,2023-04-05 21:19:00
5870,9450,5,Excelente serviço.,2023-08-05 17:01:00
5871,19250,5,Muito bom!,2023-07-04 00:58:00
5872,10815,5,Recomendo!,2023-05-04 01:30:00
5873,4439,5,Recomendo!,2023-12-06 20:32:00
5874,1069,4,Excelente serviço.,2023-01-02 00:24:00
5875,8180,4,Muito bom!,2023-09-17 08:59:00
5876,17813,5,Comida deliciosa.,2023-12-14 01:12:00
5877,1079,4,Comida deliciosa.,2023-04-26 03:25:00
5878,9265,5,Recomendo!,2023-03-11 07:24:00
5879,1531,5,Chegou rápido.,2023-02-03 22:32:00
5880,15998,4,Muito bom!,2023-08-22 06:31:00
5881,18799,5,Muito bom!,2023-07-26 05:24:00
5882,19905,5,Excelente serviço.,2023-08-17 20:13:00
5883,18239,4,Excelente serviço.,2023-01-11 16:58:00
5884,3199,4,Recomendo!,2023-05-06 06:08:00
5885,14337,5,Recomendo!,2023-12-10 05:04:00
5886,14059,4,Recomendo!,2023-06-11 10:54:00
5887,18846,4,Chegou rápido.,2023-10-17 01:17:00
5888,4078,5,Comida deliciosa.,2023-03-04 17:05:00
5889,9791,5,Comida deliciosa.,2023-05-15 08:42:00
5890,17627,3,Comida fria.,2023-02-18 09:58:00
5891,2374,5,Muito bom!,2023-01-16 00:04:00
5892,1843,2,Pedido errado.,2023-11-28 05:34:00
5893,7890,4,Muito bom!,2023-02-26 03:46:00
5894,14627,5,Muito bom!,2023-01-20 03:05:00
5895,15061,5,Muito bom!,2023-01-14 09:08:00
5896,10527,4,Comida deliciosa.,2023-09-12 07:55:00
5897,15630,4,Chegou rápido.,2023-04-28 11:46:00
5898,18237,2,Pode melhorar.,2023-12-30 12:05:00
5899,9766,5,Chegou rápido.,2023-03-30 06:05:00
5900,19457,5,Comida deliciosa.,2023-12-26 13:57:00
5901,17693,1,Pedido errado.,2023-07-17 11:25:00
5902,8706,3,Demorou muito.,2023-09-04 02:18:00
5903,6967,3,Demorou muito.,2023-06-16 20:31:00
5904,17669,5,Recomendo!,2023-01-31 12:41:00
5905,5680,5,Excelente serviço.,2023-11-27 11:40:00
5906,13855,5,Chegou rápido.,2023-06-08 11:14:00
5907,17213,5,Chegou rápido.,2023-10-28 03:19:00
5908,13068,1,Demorou muito.,2023-03-08 16:45:00
5909,17488,5,Chegou rápido.,2023-01-21 22:03:00
5910,16002,1,Demorou muito.,2023-11-04 00:10:00
5911,16746,5,Muito bom!,2023-05-19 18:50:00
5912,868,4,Recomendo!,2023-11-12 12:56:00
5913,4939,5,Excelente serviço.,2023-08-28 11:02:00
5914,3163,5,Comida deliciosa.,2023-12-22 15:09:00
5915,17942,5,Recomendo!,2023-11-16 13:00:00
5916,4498,3,Demorou muito.,2023-03-22 01:49:00
5917,14194,5,Excelente serviço.,2023-12-08 18:48:00
5918,13823,4,Muito bom!,2023-08-17 10:26:00
5919,402,3,Comida fria.,2023-03-06 16:53:00
5920,7620,1,Pedido errado.,2023-12-05 04:06:00
5921,967,5,Chegou rápido.,2023-04-15 23:22:00
5922,7584,4,Chegou rápido.,2023-10-11 20:16:00
5923,6091,5,Muito bom!,2023-04-13 08:58:00
5924,16149,3,Pedido errado.,2023-06-04 02:46:00
5925,15151,5,Excelente serviço.,2023-10-11 07:56:00
5926,6809,5,Excelente serviço.,2023-12-17 02:35:00
5927,9368,5,Comida deliciosa.,2023-05-07 09:05:00
5928,14143,4,Chegou rápido.,2023-01-23 16:18:00
5929,2451,5,Comida deliciosa.,2023-12-28 13:45:00
5930,15612,5,Muito bom!,2023-09-24 04:01:00
5931,1540,5,Excelente serviço.,2023-01-05 19:38:00
5932,6795,5,Recomendo!,2023-04-09 00:47:00
5933,13921,4,Chegou rápido.,2023-07-02 22:36:00
5934,19720,3,Demorou muito.,2023-10-02 07:37:00
5935,5207,5,Chegou rápido.,2023-12-29 18:45:00
5936,11707,5,Comida deliciosa.,2023-09-24 06:57:00
5937,5499,4,Recomendo!,2023-10-11 06:36:00
5938,4741,3,Pode melhorar.,2023-01-26 07:44:00
5939,10951,5,Excelente serviço.,2023-06-04 05:30:00
5940,10435,4,Chegou rápido.,2023-09-04 21:40:00
5941,12426,5,Recomendo!,2023-07-10 15:15:00
5942,9810,5,Excelente serviço.,2023-09-07 23:14:00
5943,1526,2,Comida fria.,2023-12-09 15:44:00
5944,6130,4,Muito bom!,2023-09-26 17:10:00
5945,8243,4,Chegou rápido.,2023-01-14 07:39:00
5946,17477,4,Recomendo!,2023-03-25 16:14:00
5947,5703,5,Recomendo!,2023-08-17 00:29:00
5948,2014,4,Recomendo!,2023-12-26 21:02:00
5949,4662,4,Excelente serviço.,2023-03-25 22:20:00
5950,8822,3,Comida fria.,2023-05-09 01:06:00
5951,10758,4,Excelente serviço.,2023-07-18 04:18:00
5952,10310,4,Recomendo!,2023-05-10 13:53:00
5953,14802,5,Recomendo!,2023-03-03 23:08:00
5954,4178,4,Excelente serviço.,2023-03-19 16:34:00
5955,12500,4,Muito bom!,2023-08-21 00:04:00
5956,19283,3,Demorou muito.,2023-07-08 08:18:00
5957,5623,1,Não gostei.,2023-11-17 18:35:00
5958,14806,5,Muito bom!,2023-08-23 19:43:00
5959,3999,5,Muito bom!,2023-11-29 21:11:00
5960,18090,4,Recomendo!,2023-04-02 22:38:00
5961,9379,5,Muito bom!,2023-09-10 02:26:00
5962,4962,5,Recomendo!,2023-07-20 02:50:00
5963,18575,4,Recomendo!,2023-09-08 17:10:00
5964,7923,5,Excelente serviço.,2023-08-28 13:14:00
5965,13546,4,Chegou rápido.,2023-04-07 00:01:00
5966,19682,5,Comida deliciosa.,2023-05-21 06:11:00
5967,461,5,Chegou rápido.,2023-09-03 16:00:00
5968,18379,5,Excelente serviço.,2023-01-13 22:51:00
5969,10479,4,Excelente serviço.,2023-05-08 14:55:00
5970,8225,4,Recomendo!,2023-11-24 23:23:00
5971,14481,5,Chegou rápido.,2023-01-18 13:07:00
5972,436,1,Pode melhorar.,2023-02-04 23:57:00
5973,7102,4,Excelente serviço.,2023-09-06 09:27:00
5974,11614,5,Recomendo!,2023-02-19 10:50:00
5975,10314,3,Pode melhorar.,2023-07-23 14:17:00
5976,2188,4,Recomendo!,2023-07-26 07:00:00
5977,6121,4,Excelente serviço.,2023-01-09 02:22:00
5978,1290,3,Não gostei.,2023-04-06 06:52:00
5979,1128,5,Recomendo!,2023-11-08 02:21:00
5980,13395,5,Excelente serviço.,2023-01-25 22:42:00
5981,19963,5,Comida deliciosa.,2023-03-28 00:41:00
5982,5804,4,Recomendo!,2023-03-21 17:06:00
5983,13496,4,Excelente serviço.,2023-08-26 20:21:00
5984,14410,3,Demorou muito.,2023-06-17 02:02:00
5985,15618,4,Comida deliciosa.,2023-01-12 16:32:00
5986,6516,5,Recomendo!,2023-10-07 22:23:00
5987,16416,4,Recomendo!,2023-12-04 19:38:00
5988,7438,4,Muito bom!,2023-08-31 01:48:00
5989,10302,5,Chegou rápido.,2023-06-27 11:28:00
5990,15534,5,Muito bom!,2023-12-13 04:00:00
5991,2215,3,Pode melhorar.,2023-05-26 17:37:00
5992,4139,5,Comida deliciosa.,2023-07-31 05:16:00
5993,13988,1,Demorou muito.,2023-04-02 09:13:00
5994,14307,5,Recomendo!,2023-06-29 12:06:00
5995,2264,4,Excelente serviço.,2023-06-13 06:32:00
5996,2267,4,Recomendo!,2023-04-06 06:52:00
5997,13188,5,Excelente serviço.,2023-05-07 23:49:00
5998,4790,4,Recomendo!,2023-10-27 22:23:00
5999,4875,1,Comida fria.,2023-05-09 07:55:00
6000,13492,5,Muito bom!,2023-03-04 04:28:00
6001,13254,5,Comida deliciosa.,2023-12-15 04:55:00
6002,11608,5,Excelente serviço.,2023-07-10 17:19:00
6003,2286,5,Excelente serviço.,2023-01-02 11:23:00
6004,3358,5,Chegou rápido.,2023-09-27 22:08:00
6005,1146,5,Chegou rápido.,2023-03-01 13:48:00
6006,11119,4,Comida deliciosa.,2023-02-09 21:22:00
6007,3844,4,Muito bom!,2023-07-01 04:25:00
6008,16109,5,Comida deliciosa.,2023-10-31 06:46:00
